GEO.id,GEO.id2,GEO.display-label,SGF001,SGF002,SGF003,SGF004,SGF005,SGF006,SGF007,SGF008,SGF009,SGF010,SGF011,SGF012,SGF013,SGF014,SGF015,SGF016,SGF017,SGF018,SGF019,SGF020,SGF021,SGF022,SGF023,SGF024,SGF025,SGF026,SGF027,SGF028,SGF029,SGF030,SGF032,SGF033,SGF034,SGF036,SGF037,SGF038,SGF039,SGF040,SGF041,SGF042,SGF043,SGF044,SGF045,SGF046,SGF047,SGF048,SGF049,SGF050,SGF051,SGF052,SGF053,SGF054,SGF055,SGF056
Geographic identifier code,Id2,Geographic area name,Total Revenue,Total Revenue - General Revenue,Total Revenue - General Revenue - Intergovernmental Revenue,Total Revenue - General Revenue - Intergovernmental Revenue - From Federal,Total Revenue - General Revenue - Intergovernmental Revenue - From Local,Total Revenue - General Revenue - Total Taxes,Total Revenue - General Revenue - Total Taxes - General Sales and Gross Receipts Taxes,Total Revenue - General Revenue - Total Taxes - Selective Sales and Gross Receipts Taxes,Total Revenue - General Revenue - Total Taxes - License Taxes,Total Revenue - General Revenue - Total Taxes - Individual Income Taxes,Total Revenue - General Revenue - Total Taxes - Corporation Net Income Taxes,Total Revenue - General Revenue - Total Taxes - All Other Taxes,Total Revenue - General Revenue - Current Charges,Total Revenue - General Revenue - Miscellaneous General Revenue,Total Revenue - Utility Revenue,Total Revenue - Liquor Stores Revenue,Total Revenue - Insurance Trust Revenue (1),Total Revenue - Insurance Trust Revenue (1) - Unemployment Compensation Systems,Total Revenue - Insurance Trust Revenue (1) - State-Administered Pension Systems,Total Revenue - Insurance Trust Revenue (1) - Workers' Compensation Systems,Total Revenue - Insurance Trust Revenue (1) - Other Insurance Trust Systems,Total Expenditure,Total Expenditure - Intergovernmental Expenditure,Total Expenditure - Direct Expenditure,Total Expenditure - Direct Expenditure - Current Operations,Total Expenditure - Direct Expenditure - Capital Outlay,Total Expenditure - Direct Expenditure - Insurance Benefits and Repayments,Total Expenditure - Direct Expenditure - Assistance and Subsidies,Total Expenditure - Direct Expenditure - Interest on Debt,Total Expenditure - Exhibit: Salaries and Wages,Total Expenditure - General Expenditure,Total Expenditure - General Expenditure - Intergovernmental General Expenditure,Total Expenditure - General Expenditure - Direct General Expenditure,"General Expenditure, by Function: - Education","General Expenditure, by Function: - Public Welfare","General Expenditure, by Function: - Hospitals","General Expenditure, by Function: - Health","General Expenditure, by Function: - Highways","General Expenditure, by Function: - Police Protection","General Expenditure, by Function: - Correction","General Expenditure, by Function: - Natural Resources","General Expenditure, by Function: - Parks and Recreation","General Expenditure, by Function: - Governmental Administration","General Expenditure, by Function: - Interest on General Debt","General Expenditure, by Function: - Other and Unallocable",Utility Expenditure,Liquor Stores Expenditure,Insurance Trust Expenditure,Insurance Trust Expenditure - Unemployment Compensation Systems,Insurance Trust Expenditure - State-Administered Pension Systems,Insurance Trust Expenditure - Workers' Compensation Systems,Insurance Trust Expenditure - Other Insurance Trust Systems,"Debt Outstanding, Long Term and Short Term",Cash and Security Holdings
0400000US01,01,Alabama,29092950,22759645,8338033,8226967,111066,9267567,2331676,2376842,490430,3202520,382202,483897,3965673,1188372,0,278248,6055057,444173,5610884,0,0,28203758,6476073,21727685,15061164,2358894,3335438,617154,355035,4511760,24601701,6476073,18125628,10616535,6386764,2132163,558857,1753303,160779,533083,276034,20371,584862,355035,1223915,0,266619,3335438,413921,2921517,0,0,9055227,41204130
0400000US02,02,Alaska,14018474,12280315,2754412,2747308,7104,5132811,0,249586,135720,0,630941,4116564,623797,3769295,16937,0,1721222,252711,1463313,5198,0,12214598,2032061,10182537,6962794,1460784,1298440,192835,267684,1886305,10707194,2032061,8675133,2806879,2084000,79817,348730,1152768,166917,335234,331740,29247,663166,263066,2445630,208964,0,1298440,296771,997064,4605,0,6218363,80063967
0400000US04,04,Arizona,36947686,29176274,10580523,10166478,414045,13471690,6472777,1733931,412769,3397707,662026,792480,3381853,1742208,32894,0,7738518,555723,6667026,515769,0,31968081,8209708,23758373,16816013,1568048,4182959,691319,500034,3283193,27750523,8209708,19540815,9423140,8494905,683817,1924080,1971558,232360,829019,263092,78339,649188,498304,2702721,34599,0,4182959,664539,3366945,151475,0,13723166,52506749
0400000US05,05,Arkansas,21541707,17310068,5724598,5689390,35208,8586407,2837788,1181415,356920,2649577,402874,1157833,2136390,862673,0,0,4231639,585383,3629113,17143,0,19522252,4937560,14584692,10892041,1073644,1962506,518755,137746,2981327,17559746,4937560,12622186,7518389,5139921,936138,297457,1219251,109098,403821,248511,58214,605998,137746,885202,0,0,1962506,518026,1428328,16152,0,3947169,27941835
0400000US06,06,California,315358675,219692720,58096373,54827525,3268848,133184246,33915885,14158695,8743748,66809000,7462000,2094918,18354538,10057563,1021277,0,94644678,15294281,71642116,1748829,5959452,283572491,95069461,188503030,118110030,9367080,49248058,4285537,7492325,28083907,233454218,95069461,138384757,80195847,80014405,9107869,8785009,13193489,1600910,7844627,4102500,523095,7362510,7228325,13495632,870215,0,49248058,11866557,31030161,1494297,4857043,152186012,559096417
0400000US08,08,Colorado,30986766,23129280,6508932,6427852,81080,11245662,2416731,1862813,637707,5528485,652180,147746,3196792,2177894,0,0,7857486,784869,6513442,418255,140920,28743913,6291390,22452523,14204199,1485834,5539020,362907,860563,4034587,23189078,6291390,16897688,9478848,5840287,710618,1055306,1448635,172792,975698,321265,83055,806029,846807,1449738,15815,0,5539020,1040083,3950747,435372,112818,16309217,68212593
0400000US09,09,Connecticut,31851296,25446414,5962699,5949159,13540,16189525,3855861,2920197,453112,7811949,572628,575778,1797331,1496859,36756,0,6368126,1430336,4900261,37529,0,29302715,4908546,24394169,15752174,1827444,4831889,547167,1435495,4272596,23719309,4908546,18810763,7019066,7318979,1288711,950351,1056211,232639,669700,164033,62093,1189621,1435495,2332410,751517,0,4831889,1523821,3277160,30908,0,32356807,42600027
0400000US10,10,Delaware,8908038,7793920,1996011,1929185,66826,3346316,0,487202,1259277,1130501,309644,159692,1134009,1317584,17025,0,1097093,193738,895484,7871,0,8648250,1271359,7376891,5254757,780520,730646,257805,353163,2473124,7782971,1271359,6511612,2745343,1971064,47575,449699,595377,126436,282015,73337,44014,483713,353163,611235,134633,0,730646,195916,528464,6266,0,5754587,13395948
0400000US12,12,Florida,95693798,74725923,23880229,23506254,373975,35377566,20785507,8530234,1993965,0,2071710,1996150,9018813,6449315,23872,0,20944003,2208321,18732039,3643,0,80436036,17809542,62626494,44962402,5190234,9196389,1963673,1313796,8926358,71097679,17809542,53288137,23904253,22528115,820601,3763817,5869267,514377,2145818,1100119,104619,2564023,1313796,6468874,141968,0,9196389,2384990,6680146,131253,0,37892165,196509097
0400000US13,13,Georgia,53486765,38391794,14619221,14323163,296058,17794152,5277211,2131211,744401,8772227,797255,71847,3676613,2301808,7118,0,15087853,1276012,13716824,,95017,45483779,10361359,35122420,24073754,2659934,6743993,979446,665293,5931608,38702490,10361359,28341131,17337702,11518235,948316,1204357,2170602,319687,1487452,454830,196605,827540,665293,1571871,37296,0,6743993,1507086,5137645,0,99262,13292965,86022569
0400000US15,15,Hawaii,12944952,10825114,2331449,2326602,4847,6092893,2944487,987733,230189,1735718,123661,71105,1626827,773945,0,0,2119838,368031,1582672,169135,0,11477711,220844,11256867,8491719,897975,1374043,144068,349062,2310366,10098104,220844,9877260,3404040,2098924,799790,494927,409269,34307,200984,113135,95856,413238,349062,1684572,5564,0,1374043,333558,1040485,0,0,8318403,16242691
0400000US16,16,Idaho,9391142,7340263,2541438,2522766,18672,3579093,1324182,449088,306627,1292562,200340,6294,717549,502183,0,136717,1914162,322821,1567298,24043,0,8530858,1981659,6549199,4653245,551740,1048593,133844,161777,1090045,7378235,1981659,5396576,2658667,2190795,52453,178448,691516,54577,251160,217916,38477,335282,161777,547167,0,104030,1048593,236281,692990,119322,0,3647841,20043910
0400000US17,17,Illinois,84493376,65561519,17312790,16973577,339213,38729322,8159003,6560738,2583108,16538662,4462627,425184,4913942,4605465,0,0,18931857,3206530,15687187,6274,31866,75324720,15549167,59775553,36944818,3962519,14102769,1262268,3503179,8904708,61221951,15549167,45672784,17272058,20424637,1345563,2240614,4969276,467598,1327176,237443,262417,1374685,3503179,7797305,0,0,14102769,3806108,10231516,12599,52546,63660340,128340625
0400000US18,18,Indiana,38141709,33499152,11267810,11192452,75358,16930731,6793923,3504568,699373,4976375,781585,174907,3429363,1871248,0,0,4642557,2146274,2489969,6314,0,36793639,9292344,27501295,19786809,2427613,3343517,981692,961664,4314917,33450122,9292344,24157778,14613475,10748417,160643,495892,2530006,237564,688283,335053,77161,560115,961664,2041849,0,0,3343517,1077745,2259973,5799,0,22564017,59309263
0400000US19,19,Iowa,23102534,18533679,5991401,5915221,76180,8374376,2520072,1088919,798137,3436758,428554,101936,2908758,1259144,0,258676,4310179,604226,3697185,8768,0,20517934,4753646,15764288,10900406,1619526,2440770,557861,245725,2682143,17901551,4753646,13147905,6469134,5265106,1519773,256786,1658218,96322,334893,295335,31074,550671,245725,1178514,0,175613,2440770,553501,1881704,5565,0,6647699,40606486
0400000US20,20,Kansas,18013265,15245978,3845073,3788962,56111,7620282,2897033,845883,382944,2956588,384553,153281,2781722,998901,0,0,2767287,477157,2060765,229365,0,16436706,4057504,12379202,8991368,1089440,1920842,162307,215245,3644550,14515864,4057504,10458360,6057156,3386863,1556542,356630,1181586,105054,347040,231678,39481,411604,215245,626985,0,0,1920842,521420,1394845,4577,0,6825293,19908397
0400000US21,21,Kentucky,28637166,22926606,8083482,8047093,36389,10815954,3021794,2088662,462726,3722964,646875,872933,2881246,1145924,0,0,5710560,1149266,4451211,110083,0,28887783,4802691,24085092,16123500,1968741,4403821,896380,692650,3969946,24457976,4802691,19655285,9453475,7083731,1132362,691179,2365583,197374,532134,333797,99115,878640,692650,997936,25986,0,4403821,872292,3354164,177365,0,14983712,38512998
0400000US22,22,Louisiana,31238181,25255359,10660261,10592657,67604,9223829,2825752,2148890,369930,2739983,252430,886844,2967466,2403803,7098,0,5975724,269314,5497009,14359,195042,32037578,6241308,25796270,18265363,1998074,4232506,451268,849059,4050956,27799897,6241308,21558589,8881174,7165251,1930770,523905,1716072,356701,701296,801023,359434,944961,849059,3570251,5175,0,4232506,332719,3676068,64494,159225,18589438,56741724
0400000US23,23,Maine,9571311,7990979,2830353,2821145,9208,3884450,1071886,707987,260918,1531504,171987,140168,737693,538483,9129,33,1571170,184055,1080282,306833,0,8950407,1238618,7711789,5852116,433151,1049864,143592,233066,756435,7876981,1238618,6638363,2019094,2892491,111922,484261,614592,75602,136811,171924,24992,289001,233066,823225,23562,0,1049864,254733,795131,0,0,5374528,17672368
0400000US24,24,Maryland,41802233,34779321,10325181,9952960,372221,18118191,4114296,3232752,805292,7693324,952092,1320435,3428410,2907539,137952,0,6884960,966621,5758218,67054,93067,39556993,8641281,30915712,20952583,2493037,4453735,1914736,1101621,4857463,34170869,8641281,25529588,11398463,10044675,517097,2149504,1949117,550989,1396307,447136,161979,1644697,1101621,2809284,932389,0,4453735,1206249,3019286,183064,45136,26066617,61077592
0400000US25,25,Massachusetts,55437787,46180318,13706498,13233244,473254,23901047,5184312,2271014,945922,12876192,1888449,735158,4606589,3966184,783775,0,8473694,1903369,6472911,10931,86483,56772774,9401248,47371526,31853811,3290261,8123132,840410,3263912,6268290,46360151,9401248,36958903,13010482,15560077,489640,1151865,2005325,829770,1095858,343750,282624,1725580,2899752,6965428,2289491,0,8123132,2610602,4599882,48558,864090,76160503,86422694
0400000US26,26,Michigan,66400989,54343294,18007780,17829882,177898,24936087,8465895,3832174,1464607,8126352,895183,2151876,7391002,4008425,0,912112,11145583,1888964,9173710,82909,0,62945494,19249754,43695740,30360266,2148561,8513291,1233603,1440019,7727625,53549642,19249754,34299888,22972166,14985940,3080402,1329434,2419026,401026,1857508,318918,113369,945893,1440019,3685941,139900,742661,8513291,2332122,6168265,12904,0,30377220,70534543
0400000US27,27,Minnesota,45593764,34651478,9315259,9141995,173264,21031809,5009508,3280272,1184465,8950755,1363128,1243681,2268867,2035543,0,0,10942286,1426951,9510126,5209,0,39943492,12975915,26967577,18908308,1581068,4875923,1120702,481576,5209914,35058976,12975915,22083061,15026229,11323904,265135,431809,2464343,382588,514959,607961,249254,923991,481576,2387227,8593,0,4875923,1107095,3711538,57290,0,13572769,66050563
0400000US28,28,Mississippi,21865219,17510532,7649292,7509589,139703,7402725,3191683,1379611,530010,1755424,415980,130017,1830894,627621,0,282183,4072504,266185,3763938,42381,0,20101926,5053070,15048856,10814367,1190761,2488249,280220,275259,2518296,17386707,5053070,12333637,5456159,5816559,1131700,403671,1376640,112169,376455,291359,89791,448806,275259,1608139,0,226970,2488249,350592,2137657,0,0,7112560,28226936
0400000US29,29,Missouri,37529136,26662036,10497449,10188272,309177,11139394,3154531,1636512,549473,5380651,377258,40969,2715431,2309762,0,0,10867100,969521,9688436,209143,0,30451378,5771802,24679576,17463592,1457994,4412372,554905,790713,3794857,26039006,5771802,20267204,8952460,7988161,1683129,1585857,1595271,214524,736445,339286,41386,523093,790713,1588681,0,0,4412372,849753,3520125,42494,0,19307770,62864144
0400000US30,30,Montana,7982053,5767554,2161997,2158227,3770,2644610,0,558961,320858,1045500,170999,548292,540793,420154,0,82147,2132352,164469,1960066,63,7754,7075417,1373069,5702348,3883434,630469,931996,115506,140943,1026453,6060601,1373069,4687532,1856783,1421146,49673,175007,683224,51138,191150,322807,17486,380054,140943,771190,11934,70886,931996,176704,627698,114644,12950,3558343,17769784
0400000US31,31,Nebraska,11484492,9819327,3212304,3154670,57634,4718944,1669380,528608,130762,2101694,275563,12937,1028061,860018,0,0,1665165,161742,1503423,,0,9880837,2170630,7710207,5891144,879194,696384,173474,70011,2372694,9184453,2170630,7013823,3367219,2517272,261809,476668,754226,86623,246519,251065,45105,196763,70011,911173,0,0,696384,185939,509367,1078,0,1846583,15788836
0400000US32,32,Nevada,17040569,11402396,3080240,2844973,235267,7026626,3637356,1831007,586801,0,0,971462,673634,621896,79165,0,5559008,1119105,4439903,,0,13273807,4214581,9059226,5368958,632219,2550727,315805,191517,1563233,10639400,4214581,6424819,4365150,2400389,265446,275542,721780,101604,283918,116153,19216,296341,189309,1604552,83680,0,2550727,843281,1707446,0,0,3609752,31311152
0400000US33,33,New Hampshire,8163713,6132439,1883424,1659853,223571,2349693,0,945290,252442,99027,553197,499737,933371,965951,0,588729,1442545,207047,1028126,207372,0,7420420,1300770,6119650,4385046,484826,744130,148436,357212,900538,6207431,1300770,4906661,2068121,1682499,49410,140321,557978,56132,112422,76860,22998,254442,357212,829036,6301,462558,744130,142346,601784,0,0,8763339,13888712
0400000US34,34,New Jersey,67918016,53863834,14471986,13755548,716438,29076881,8454788,3743345,1516432,12108615,2282055,971646,5900251,4414716,988882,0,13065300,3321148,9210357,30413,503382,67362610,11102269,56260341,34168935,4102039,14532854,1292133,2164380,10349020,50052284,11102269,38950015,16426314,14701447,2106102,1260358,3192396,818347,1436484,581243,190647,1691288,2161780,5485878,2777472,0,14532854,4804523,9009508,195227,523596,64264050,113530613
0400000US35,35,New Mexico,17808300,14295361,5416068,5228141,187927,5201576,1968571,683054,255968,1240945,267457,785581,1370093,2307624,0,0,3512939,215896,349415,2944599,3029,17200474,4500634,12699840,9093983,872853,2185230,259745,288029,2662738,15015244,4500634,10514610,5406138,3946347,953684,491298,756210,134511,400947,182694,50999,597546,288029,1806841,0,0,2185230,366662,1775173,17017,26378,7232938,46720845
0400000US36,36,New York,212858793,165200561,71682137,46272851,25409286,73667171,12117579,11099912,1952367,40230379,4920605,3346329,8510037,11341216,7900199,0,39758033,5895504,33862529,0,0,184040200,56236537,127803663,86853934,9493079,24088890,1636851,5730909,22974180,147156113,56236537,90919576,41151716,58009518,4750662,9215195,4238973,995306,3438227,423976,550477,5524280,4291315,14566468,12795197,0,24088890,6076382,15661254,2351254,0,136014460,318155785
0400000US37,37,North Carolina,60004493,47574530,15769950,15470808,299142,23768578,5592560,4121657,1543201,11068166,1285907,157087,5149449,2886553,2,0,12429961,3416454,8780191,233316,0,53625862,13172640,40453222,28260807,3466699,7450937,655108,619671,9281523,46102728,13172640,32930088,19250605,12977012,2020269,1368833,3688451,703083,1210318,511455,171930,1296416,619671,2284685,72197,0,7450937,2536204,4914733,0,0,19054585,101336221
0400000US38,38,North Dakota,8830465,8059929,1572480,1529135,43345,5298770,1268695,494742,207482,641766,225719,2460366,764567,424112,0,0,770536,107716,-1560129,2222949,0,6410161,1632316,4777845,3055372,841567,623759,159841,97306,1108571,5786402,1632316,4154086,1931216,943371,53709,161118,1051899,35210,96683,329500,39872,157626,97306,888892,0,0,623759,101747,249723,272289,0,1834319,20325841
0400000US39,39,Ohio,90343990,60945518,21113847,20482575,631272,27516947,8626426,5195619,3445620,9869545,262226,117511,7950754,4363970,0,928987,28469485,2825839,25317773,325873,0,76291671,16517064,59774607,35493425,4611905,16434097,2003369,1231811,9396073,59501507,16517064,42984443,21606929,19186691,3125123,2493472,3678390,318780,1543631,390327,83384,1796127,1231811,4046842,0,356067,16434097,2052382,13244997,1136718,0,33132906,220914699
0400000US40,40,Oklahoma,26344587,20799702,7159511,7028733,130778,8892503,2518598,1329853,1010430,2916615,585146,531861,2491130,2256558,601877,0,4943008,588196,3803760,551052,0,22920374,4213211,18707163,13302644,1883892,2527396,453666,539565,3162736,19579099,4213211,15365888,7321724,6258083,258175,861552,1802547,233623,569140,231332,81657,747200,460984,753082,813879,0,2527396,368982,1935768,222646,0,9514281,40244056
0400000US41,41,Oregon,32914634,22833016,8003252,7987139,16113,9160887,0,1369266,923123,6260161,459744,148593,3720003,1948874,13,497674,9583931,1079833,8235329,268769,0,26850084,5495337,21354747,14100769,1138779,5113960,577064,424175,4797424,21465429,5495337,15970092,7172341,6575475,1548755,792133,1312821,183495,730873,449716,81087,1109197,424175,1085361,27393,243302,5113960,1193646,3573500,346814,0,13598468,69418893
0400000US42,42,Pennsylvania,87910876,69755731,21412638,21219116,193522,33965626,9243355,7862945,2585202,10777334,2208163,1288627,9691460,4686007,0,1731463,16423682,6248158,10159149,16375,0,87532654,18834325,68698329,44347538,7054683,13702203,2147773,1446132,8090451,72244141,18834325,53409816,22628667,23078652,3789791,3080531,7601344,911672,2119602,642051,327664,2958712,1446132,3659323,10,1586300,13702203,4628186,8720658,353359,0,47020552,124835296
0400000US44,44,Rhode Island,8681540,6933496,2369822,2331473,38349,2940433,881458,634965,138518,1088992,144310,52190,744765,878476,33239,0,1714805,426618,1007529,114932,165726,8189015,1170440,7018575,4518481,404000,1471624,150354,474116,1176761,6562768,1170440,5392328,1986630,2394541,66449,158767,318630,71704,182888,59205,29055,351759,474116,469024,154623,0,1471624,391284,914772,1919,163649,9568297,15099812
0400000US45,45,South Carolina,29638637,22160859,7202824,6698952,503872,8721305,3199752,1277230,439843,3357518,386669,60293,4193046,2043684,1874959,0,5602819,992005,4610711,103,0,28245704,5454008,22791696,15772341,1663802,3687516,1017174,650863,3596657,22331442,5454008,16877434,8352080,6050877,1444046,1011767,923605,183055,490627,196531,86910,551247,432314,2608383,2226746,0,3687516,547255,3025971,114290,0,14723546,41024628
0400000US46,46,South Dakota,5759268,4035680,1605537,1575212,30325,1533663,853570,374692,257220,0,37172,11009,344499,551981,0,0,1723588,46817,1676771,0,0,4476725,740104,3736621,2433676,639183,465639,83929,114194,956329,4011086,740104,3270982,1266106,971649,21930,178414,653007,38321,116535,178255,46133,166448,114194,260094,0,0,465639,37417,426612,1610,0,3425424,14201763
0400000US47,47,Tennessee,32356348,27401810,10900626,10819977,80649,12366891,6629923,2498252,1421174,262842,1256173,298527,2016428,2117865,0,0,4954538,683593,3111732,1159213,0,30586320,7074682,23511638,17700839,1618748,2755113,1172474,264464,3766072,27831207,7074682,20756525,9810510,10959849,404978,672883,1752119,232868,889870,291223,85428,868161,264464,1598854,0,0,2755113,796891,1958222,0,0,6191955,47293346
0400000US48,48,Texas,136486968,112935910,37580061,36844736,735325,51714295,26127421,13150162,7788864,0,0,4647848,12641609,10999945,0,0,23551058,2688042,20617046,245970,0,124929538,27590295,97339243,68361537,8045756,16904612,2297935,1729403,16384939,108024926,27590295,80434631,47479191,30780705,5237650,2774086,7536463,799712,3701789,1040736,166995,1818589,1729403,4959607,0,0,16904612,3910907,12670049,323656,0,39624672,303265809
0400000US49,49,Utah,18442207,14810655,4304061,4298917,5144,6325126,1884170,855746,290388,2852088,330684,112050,3181111,1000357,0,290757,3340795,372573,2968222,,0,16822502,3069082,13753420,9766636,1324378,1659853,731866,270687,2925621,14956224,3069082,11887142,6874554,3017968,1180848,390835,961772,143594,310560,172571,37823,650991,270687,944021,0,206425,1659853,312383,1158491,188979,0,7049552,29360710
0400000US50,50,Vermont,6295755,5635209,1872013,1869831,2182,2878930,347273,635953,106509,663027,105635,1020533,527620,356646,0,50950,609596,197230,407630,4736,0,6018247,1501657,4516590,3710721,204307,358256,149104,94202,789408,5607879,1501657,4106222,2407364,1629482,287,235775,455461,91112,135127,81883,13837,167830,94202,295519,0,52112,358256,110789,247467,0,0,3330238,7476113
0400000US51,51,Virginia,50851769,41140409,9959041,9412343,546698,19186853,3708389,2484277,806572,10900860,772001,514754,8138597,3855918,0,636653,9074707,800819,5772239,2501649,0,47614065,11255705,36358360,25953846,3059704,4570249,1615558,1159003,6777430,42529852,11255705,31274147,15214402,9855058,3598411,1343432,3912825,559409,1706864,248919,118354,1314461,1159003,3498714,0,513964,4570249,812126,3754079,4044,0,28022656,76702692
0400000US53,53,Washington,47862480,35669826,10030961,9737429,293532,18667044,11122868,3524305,1359685,0,0,2660186,4719060,2252761,0,612000,11580654,1390751,10069652,120251,0,45725863,9777797,35948066,22335778,3380742,7344585,1597316,1289645,10114009,37864966,9777797,28087169,15582462,8389040,2160922,2185121,3183817,356847,954986,861649,124187,747190,1289645,2029100,53312,463000,7344585,2055288,3303199,1986098,0,30474333,92193109
0400000US54,54,West Virginia,14581453,12390766,4325052,4230663,94389,5378122,1255377,1323634,137437,1795947,242429,623298,1504885,1182707,2435,90403,2097849,223221,1870773,3855,0,13234155,2469535,10764620,7755238,1074774,1446341,234604,253663,1868736,11708850,2469535,9239315,4333893,3526796,126185,345537,1102651,75101,300693,225833,51269,438545,253663,928684,4854,74110,1446341,365722,990402,90217,0,7355630,21396404
0400000US55,55,Wisconsin,45891806,32280837,9228907,8952020,276887,16513692,4410130,2678281,1026823,7227690,955752,215016,4011774,2526464,0,0,13610969,1739832,11573995,297142,0,37524804,9637247,27887557,18591474,2086899,5637912,641349,929923,4369544,31878459,9637247,22241212,10877543,8849077,1422217,771081,2409285,122600,1090920,664438,28419,717793,929923,3995163,8433,0,5637912,1400501,4234714,2697,0,23187772,87570671
0400000US56,56,Wyoming,7574100,5929052,2318877,2085931,232946,2186054,702623,123764,155241,0,0,1204426,195099,1229022,0,102392,1542656,145347,1397309,0,0,5834892,1681018,4153874,2818795,502938,710506,70392,51243,738304,5036628,1681018,3355610,1723856,783143,4403,274660,547875,50957,143237,394207,28898,245318,51243,788831,0,87758,710506,107398,437442,165666,0,1020546,27812457
