GEO.id,Id
GEO.id2,Id2
GEO.display-label,Geography
POPGROUP.id,Id
POPGROUP.display-label,Population Group
EST_VC01,Estimate; Total population
MOE_VC01,Margin of Error; Total population
EST_VC03,Estimate; Total population - SEX AND AGE - Male
MOE_VC03,Margin of Error; Total population - SEX AND AGE - Male
EST_VC04,Estimate; Total population - SEX AND AGE - Female
MOE_VC04,Margin of Error; Total population - SEX AND AGE - Female
EST_VC05,Estimate; Total population - SEX AND AGE - Under 5 years
MOE_VC05,Margin of Error; Total population - SEX AND AGE - Under 5 years
EST_VC06,Estimate; Total population - SEX AND AGE - 5 to 17 years
MOE_VC06,Margin of Error; Total population - SEX AND AGE - 5 to 17 years
EST_VC07,Estimate; Total population - SEX AND AGE - 18 to 24 years
MOE_VC07,Margin of Error; Total population - SEX AND AGE - 18 to 24 years
EST_VC08,Estimate; Total population - SEX AND AGE - 25 to 34 years
MOE_VC08,Margin of Error; Total population - SEX AND AGE - 25 to 34 years
EST_VC09,Estimate; Total population - SEX AND AGE - 35 to 44 years
MOE_VC09,Margin of Error; Total population - SEX AND AGE - 35 to 44 years
EST_VC10,Estimate; Total population - SEX AND AGE - 45 to 54 years
MOE_VC10,Margin of Error; Total population - SEX AND AGE - 45 to 54 years
EST_VC11,Estimate; Total population - SEX AND AGE - 55 to 64 years
MOE_VC11,Margin of Error; Total population - SEX AND AGE - 55 to 64 years
EST_VC12,Estimate; Total population - SEX AND AGE - 65 to 74 years
MOE_VC12,Margin of Error; Total population - SEX AND AGE - 65 to 74 years
EST_VC13,Estimate; Total population - SEX AND AGE - 75 years and over
MOE_VC13,Margin of Error; Total population - SEX AND AGE - 75 years and over
EST_VC14,Estimate; Total population - SEX AND AGE - Median age (years)
MOE_VC14,Margin of Error; Total population - SEX AND AGE - Median age (years)
EST_VC15,Estimate; Total population - SEX AND AGE - 18 years and over
MOE_VC15,Margin of Error; Total population - SEX AND AGE - 18 years and over
EST_VC16,Estimate; Total population - SEX AND AGE - 21 years and over
MOE_VC16,Margin of Error; Total population - SEX AND AGE - 21 years and over
EST_VC17,Estimate; Total population - SEX AND AGE - 62 years and over
MOE_VC17,Margin of Error; Total population - SEX AND AGE - 62 years and over
EST_VC18,Estimate; Total population - SEX AND AGE - 65 years and over
MOE_VC18,Margin of Error; Total population - SEX AND AGE - 65 years and over
EST_VC19,Estimate; Total population - SEX AND AGE - Under 18 years
MOE_VC19,Margin of Error; Total population - SEX AND AGE - Under 18 years
EST_VC20,Estimate; Total population - SEX AND AGE - Under 18 years - Male
MOE_VC20,Margin of Error; Total population - SEX AND AGE - Under 18 years - Male
EST_VC21,Estimate; Total population - SEX AND AGE - Under 18 years - Female
MOE_VC21,Margin of Error; Total population - SEX AND AGE - Under 18 years - Female
EST_VC22,Estimate; Total population - SEX AND AGE - 18 years and over
MOE_VC22,Margin of Error; Total population - SEX AND AGE - 18 years and over
EST_VC23,Estimate; Total population - SEX AND AGE - 18 years and over - Male
MOE_VC23,Margin of Error; Total population - SEX AND AGE - 18 years and over - Male
EST_VC24,Estimate; Total population - SEX AND AGE - 18 years and over - Female
MOE_VC24,Margin of Error; Total population - SEX AND AGE - 18 years and over - Female
EST_VC25,Estimate; Total population - SEX AND AGE - 18 to 34 years
MOE_VC25,Margin of Error; Total population - SEX AND AGE - 18 to 34 years
EST_VC26,Estimate; Total population - SEX AND AGE - 18 to 34 years - Male
MOE_VC26,Margin of Error; Total population - SEX AND AGE - 18 to 34 years - Male
EST_VC27,Estimate; Total population - SEX AND AGE - 18 to 34 years - Female
MOE_VC27,Margin of Error; Total population - SEX AND AGE - 18 to 34 years - Female
EST_VC28,Estimate; Total population - SEX AND AGE - 35 to 64 years
MOE_VC28,Margin of Error; Total population - SEX AND AGE - 35 to 64 years
EST_VC29,Estimate; Total population - SEX AND AGE - 35 to 64 years - Male
MOE_VC29,Margin of Error; Total population - SEX AND AGE - 35 to 64 years - Male
EST_VC30,Estimate; Total population - SEX AND AGE - 35 to 64 years - Female
MOE_VC30,Margin of Error; Total population - SEX AND AGE - 35 to 64 years - Female
EST_VC31,Estimate; Total population - SEX AND AGE - 65 years and over
MOE_VC31,Margin of Error; Total population - SEX AND AGE - 65 years and over
EST_VC32,Estimate; Total population - SEX AND AGE - 65 years and over - Male
MOE_VC32,Margin of Error; Total population - SEX AND AGE - 65 years and over - Male
EST_VC33,Estimate; Total population - SEX AND AGE - 65 years and over - Female
MOE_VC33,Margin of Error; Total population - SEX AND AGE - 65 years and over - Female
EST_VC35,Estimate; RELATIONSHIP - Population in households
MOE_VC35,Margin of Error; RELATIONSHIP - Population in households
EST_VC36,Estimate; RELATIONSHIP - Population in households - Householder or spouse
MOE_VC36,Margin of Error; RELATIONSHIP - Population in households - Householder or spouse
EST_VC37,Estimate; RELATIONSHIP - Population in households - Child
MOE_VC37,Margin of Error; RELATIONSHIP - Population in households - Child
EST_VC38,Estimate; RELATIONSHIP - Population in households - Other relatives
MOE_VC38,Margin of Error; RELATIONSHIP - Population in households - Other relatives
EST_VC39,Estimate; RELATIONSHIP - Population in households - Nonrelatives
MOE_VC39,Margin of Error; RELATIONSHIP - Population in households - Nonrelatives
EST_VC40,Estimate; RELATIONSHIP - Population in households - Nonrelatives - Unmarried partner
MOE_VC40,Margin of Error; RELATIONSHIP - Population in households - Nonrelatives - Unmarried partner
EST_VC42,Estimate; HOUSEHOLDS BY TYPE - Households
MOE_VC42,Margin of Error; HOUSEHOLDS BY TYPE - Households
EST_VC43,Estimate; HOUSEHOLDS BY TYPE - Households - Family households
MOE_VC43,Margin of Error; HOUSEHOLDS BY TYPE - Households - Family households
EST_VC44,Estimate; HOUSEHOLDS BY TYPE - Households - Family households - With own children under 18 years
MOE_VC44,Margin of Error; HOUSEHOLDS BY TYPE - Households - Family households - With own children under 18 years
EST_VC45,Estimate; HOUSEHOLDS BY TYPE - Households - Married-couple families
MOE_VC45,Margin of Error; HOUSEHOLDS BY TYPE - Households - Married-couple families
EST_VC46,Estimate; HOUSEHOLDS BY TYPE - Households - Married-couple families - With own children under 18 years
MOE_VC46,Margin of Error; HOUSEHOLDS BY TYPE - Households - Married-couple families - With own children under 18 years
EST_VC47,"Estimate; HOUSEHOLDS BY TYPE - Households - Female householder, no husband present"
MOE_VC47,"Margin of Error; HOUSEHOLDS BY TYPE - Households - Female householder, no husband present"
EST_VC48,"Estimate; HOUSEHOLDS BY TYPE - Households - Female householder, no husband present - With own children under 18 years"
MOE_VC48,"Margin of Error; HOUSEHOLDS BY TYPE - Households - Female householder, no husband present - With own children under 18 years"
EST_VC49,Estimate; HOUSEHOLDS BY TYPE - Households - Nonfamily households
MOE_VC49,Margin of Error; HOUSEHOLDS BY TYPE - Households - Nonfamily households
EST_VC50,Estimate; HOUSEHOLDS BY TYPE - Households - Nonfamily households - Male householder
MOE_VC50,Margin of Error; HOUSEHOLDS BY TYPE - Households - Nonfamily households - Male householder
EST_VC51,Estimate; HOUSEHOLDS BY TYPE - Households - Nonfamily households - Male householder - Living alone
MOE_VC51,Margin of Error; HOUSEHOLDS BY TYPE - Households - Nonfamily households - Male householder - Living alone
EST_VC52,Estimate; HOUSEHOLDS BY TYPE - Households - Nonfamily households - Male householder - Not living alone
MOE_VC52,Margin of Error; HOUSEHOLDS BY TYPE - Households - Nonfamily households - Male householder - Not living alone
EST_VC53,Estimate; HOUSEHOLDS BY TYPE - Households - Nonfamily households - Female householder
MOE_VC53,Margin of Error; HOUSEHOLDS BY TYPE - Households - Nonfamily households - Female householder
EST_VC54,Estimate; HOUSEHOLDS BY TYPE - Households - Nonfamily households - Female householder - Living alone
MOE_VC54,Margin of Error; HOUSEHOLDS BY TYPE - Households - Nonfamily households - Female householder - Living alone
EST_VC55,Estimate; HOUSEHOLDS BY TYPE - Households - Nonfamily households - Female householder - Not living alone
MOE_VC55,Margin of Error; HOUSEHOLDS BY TYPE - Households - Nonfamily households - Female householder - Not living alone
EST_VC56,Estimate; HOUSEHOLDS BY TYPE - Households - Average household size
MOE_VC56,Margin of Error; HOUSEHOLDS BY TYPE - Households - Average household size
EST_VC57,Estimate; HOUSEHOLDS BY TYPE - Households - Average family size
MOE_VC57,Margin of Error; HOUSEHOLDS BY TYPE - Households - Average family size
EST_VC59,Estimate; MARITAL STATUS - Population 15 years and over
MOE_VC59,Margin of Error; MARITAL STATUS - Population 15 years and over
EST_VC60,"Estimate; MARITAL STATUS - Population 15 years and over - Now married, except separated"
MOE_VC60,"Margin of Error; MARITAL STATUS - Population 15 years and over - Now married, except separated"
EST_VC61,Estimate; MARITAL STATUS - Population 15 years and over - Widowed
MOE_VC61,Margin of Error; MARITAL STATUS - Population 15 years and over - Widowed
EST_VC62,Estimate; MARITAL STATUS - Population 15 years and over - Divorced
MOE_VC62,Margin of Error; MARITAL STATUS - Population 15 years and over - Divorced
EST_VC63,Estimate; MARITAL STATUS - Population 15 years and over - Separated
MOE_VC63,Margin of Error; MARITAL STATUS - Population 15 years and over - Separated
EST_VC64,Estimate; MARITAL STATUS - Population 15 years and over - Never married
MOE_VC64,Margin of Error; MARITAL STATUS - Population 15 years and over - Never married
EST_VC65,Estimate; MARITAL STATUS - Male 15 years and over
MOE_VC65,Margin of Error; MARITAL STATUS - Male 15 years and over
EST_VC66,"Estimate; MARITAL STATUS - Male 15 years and over - Now married, except separated"
MOE_VC66,"Margin of Error; MARITAL STATUS - Male 15 years and over - Now married, except separated"
EST_VC67,Estimate; MARITAL STATUS - Male 15 years and over - Widowed
MOE_VC67,Margin of Error; MARITAL STATUS - Male 15 years and over - Widowed
EST_VC68,Estimate; MARITAL STATUS - Male 15 years and over - Divorced
MOE_VC68,Margin of Error; MARITAL STATUS - Male 15 years and over - Divorced
EST_VC69,Estimate; MARITAL STATUS - Male 15 years and over - Separated
MOE_VC69,Margin of Error; MARITAL STATUS - Male 15 years and over - Separated
EST_VC70,Estimate; MARITAL STATUS - Male 15 years and over - Never married
MOE_VC70,Margin of Error; MARITAL STATUS - Male 15 years and over - Never married
EST_VC71,Estimate; MARITAL STATUS - Female 15 years and over
MOE_VC71,Margin of Error; MARITAL STATUS - Female 15 years and over
EST_VC72,"Estimate; MARITAL STATUS - Female 15 years and over - Now married, except separated"
MOE_VC72,"Margin of Error; MARITAL STATUS - Female 15 years and over - Now married, except separated"
EST_VC73,Estimate; MARITAL STATUS - Female 15 years and over - Widowed
MOE_VC73,Margin of Error; MARITAL STATUS - Female 15 years and over - Widowed
EST_VC74,Estimate; MARITAL STATUS - Female 15 years and over - Divorced
MOE_VC74,Margin of Error; MARITAL STATUS - Female 15 years and over - Divorced
EST_VC75,Estimate; MARITAL STATUS - Female 15 years and over - Separated
MOE_VC75,Margin of Error; MARITAL STATUS - Female 15 years and over - Separated
EST_VC76,Estimate; MARITAL STATUS - Female 15 years and over - Never married
MOE_VC76,Margin of Error; MARITAL STATUS - Female 15 years and over - Never married
EST_VC78,Estimate; SCHOOL ENROLLMENT - Population 3 years and over enrolled in school
MOE_VC78,Margin of Error; SCHOOL ENROLLMENT - Population 3 years and over enrolled in school
EST_VC79,"Estimate; SCHOOL ENROLLMENT - Population 3 years and over enrolled in school - Nursery school, preschool"
MOE_VC79,"Margin of Error; SCHOOL ENROLLMENT - Population 3 years and over enrolled in school - Nursery school, preschool"
EST_VC80,Estimate; SCHOOL ENROLLMENT - Population 3 years and over enrolled in school - Kindergarten
MOE_VC80,Margin of Error; SCHOOL ENROLLMENT - Population 3 years and over enrolled in school - Kindergarten
EST_VC81,Estimate; SCHOOL ENROLLMENT - Population 3 years and over enrolled in school - Elementary school (grades 1-8)
MOE_VC81,Margin of Error; SCHOOL ENROLLMENT - Population 3 years and over enrolled in school - Elementary school (grades 1-8)
EST_VC82,Estimate; SCHOOL ENROLLMENT - Population 3 years and over enrolled in school - High school (grades 9-12)
MOE_VC82,Margin of Error; SCHOOL ENROLLMENT - Population 3 years and over enrolled in school - High school (grades 9-12)
EST_VC83,Estimate; SCHOOL ENROLLMENT - Population 3 years and over enrolled in school - College or graduate school
MOE_VC83,Margin of Error; SCHOOL ENROLLMENT - Population 3 years and over enrolled in school - College or graduate school
EST_VC84,Estimate; SCHOOL ENROLLMENT - Male 3 years and over enrolled in school
MOE_VC84,Margin of Error; SCHOOL ENROLLMENT - Male 3 years and over enrolled in school
EST_VC85,Estimate; SCHOOL ENROLLMENT - Male 3 years and over enrolled in school - Percent enrolled in kindergarten to grade 12
MOE_VC85,Margin of Error; SCHOOL ENROLLMENT - Male 3 years and over enrolled in school - Percent enrolled in kindergarten to grade 12
EST_VC86,Estimate; SCHOOL ENROLLMENT - Male 3 years and over enrolled in school - Percent enrolled in college or graduate school
MOE_VC86,Margin of Error; SCHOOL ENROLLMENT - Male 3 years and over enrolled in school - Percent enrolled in college or graduate school
EST_VC87,Estimate; SCHOOL ENROLLMENT - Female 3 years and over enrolled in school
MOE_VC87,Margin of Error; SCHOOL ENROLLMENT - Female 3 years and over enrolled in school
EST_VC88,Estimate; SCHOOL ENROLLMENT - Female 3 years and over enrolled in school - Percent enrolled in kindergarten to grade 12
MOE_VC88,Margin of Error; SCHOOL ENROLLMENT - Female 3 years and over enrolled in school - Percent enrolled in kindergarten to grade 12
EST_VC89,Estimate; SCHOOL ENROLLMENT - Female 3 years and over enrolled in school - Percent enrolled in college or graduate school
MOE_VC89,Margin of Error; SCHOOL ENROLLMENT - Female 3 years and over enrolled in school - Percent enrolled in college or graduate school
EST_VC91,Estimate; EDUCATIONAL ATTAINMENT - Population 25 years and over
MOE_VC91,Margin of Error; EDUCATIONAL ATTAINMENT - Population 25 years and over
EST_VC92,Estimate; EDUCATIONAL ATTAINMENT - Population 25 years and over - Less than high school diploma
MOE_VC92,Margin of Error; EDUCATIONAL ATTAINMENT - Population 25 years and over - Less than high school diploma
EST_VC93,Estimate; EDUCATIONAL ATTAINMENT - Population 25 years and over - High school graduate (includes equivalency)
MOE_VC93,Margin of Error; EDUCATIONAL ATTAINMENT - Population 25 years and over - High school graduate (includes equivalency)
EST_VC94,Estimate; EDUCATIONAL ATTAINMENT - Population 25 years and over - Some college or associate's degree
MOE_VC94,Margin of Error; EDUCATIONAL ATTAINMENT - Population 25 years and over - Some college or associate's degree
EST_VC95,Estimate; EDUCATIONAL ATTAINMENT - Population 25 years and over - Bachelor's degree
MOE_VC95,Margin of Error; EDUCATIONAL ATTAINMENT - Population 25 years and over - Bachelor's degree
EST_VC96,Estimate; EDUCATIONAL ATTAINMENT - Population 25 years and over - Graduate or professional degree
MOE_VC96,Margin of Error; EDUCATIONAL ATTAINMENT - Population 25 years and over - Graduate or professional degree
EST_VC97,Estimate; EDUCATIONAL ATTAINMENT - Population 25 years and over - High school graduate or higher
MOE_VC97,Margin of Error; EDUCATIONAL ATTAINMENT - Population 25 years and over - High school graduate or higher
EST_VC98,"Estimate; EDUCATIONAL ATTAINMENT - Population 25 years and over - High school graduate or higher - Male, high school graduate or higher"
MOE_VC98,"Margin of Error; EDUCATIONAL ATTAINMENT - Population 25 years and over - High school graduate or higher - Male, high school graduate or higher"
EST_VC99,"Estimate; EDUCATIONAL ATTAINMENT - Population 25 years and over - High school graduate or higher - Female, high school graduate or higher"
MOE_VC99,"Margin of Error; EDUCATIONAL ATTAINMENT - Population 25 years and over - High school graduate or higher - Female, high school graduate or higher"
EST_VC100,Estimate; EDUCATIONAL ATTAINMENT - Population 25 years and over - Bachelor's degree or higher
MOE_VC100,Margin of Error; EDUCATIONAL ATTAINMENT - Population 25 years and over - Bachelor's degree or higher
EST_VC101,"Estimate; EDUCATIONAL ATTAINMENT - Population 25 years and over - Bachelor's degree or higher - Male, bachelor's degree or higher"
MOE_VC101,"Margin of Error; EDUCATIONAL ATTAINMENT - Population 25 years and over - Bachelor's degree or higher - Male, bachelor's degree or higher"
EST_VC102,"Estimate; EDUCATIONAL ATTAINMENT - Population 25 years and over - Bachelor's degree or higher - Female, bachelor's degree or higher"
MOE_VC102,"Margin of Error; EDUCATIONAL ATTAINMENT - Population 25 years and over - Bachelor's degree or higher - Female, bachelor's degree or higher"
EST_VC104,Estimate; FERTILITY - Women 15 to 50 years
MOE_VC104,Margin of Error; FERTILITY - Women 15 to 50 years
EST_VC105,Estimate; FERTILITY - Women 15 to 50 years - Women 15 to 50 years who had a birth in the past 12 months
MOE_VC105,Margin of Error; FERTILITY - Women 15 to 50 years - Women 15 to 50 years who had a birth in the past 12 months
EST_VC106,Estimate; FERTILITY - Women 15 to 50 years - Women 15 to 50 years who had a birth in the past 12 months - Unmarried women 15 to 50 years who had a birth in the past 12 months
MOE_VC106,Margin of Error; FERTILITY - Women 15 to 50 years - Women 15 to 50 years who had a birth in the past 12 months - Unmarried women 15 to 50 years who had a birth in the past 12 months
EST_VC107,Estimate; FERTILITY - Women 15 to 50 years - Women 15 to 50 years who had a birth in the past 12 months - Unmarried women 15 to 50 years who had a birth in the past 12 months - As a percent of all women with a birth in the past 12 months
MOE_VC107,Margin of Error; FERTILITY - Women 15 to 50 years - Women 15 to 50 years who had a birth in the past 12 months - Unmarried women 15 to 50 years who had a birth in the past 12 months - As a percent of all women with a birth in the past 12 months
EST_VC109,Estimate; RESPONSIBILITY FOR GRANDCHILDREN UNDER 18 YEARS - Population 30 years and over
MOE_VC109,Margin of Error; RESPONSIBILITY FOR GRANDCHILDREN UNDER 18 YEARS - Population 30 years and over
EST_VC110,Estimate; RESPONSIBILITY FOR GRANDCHILDREN UNDER 18 YEARS - Population 30 years and over - Living with grandchild(ren)
MOE_VC110,Margin of Error; RESPONSIBILITY FOR GRANDCHILDREN UNDER 18 YEARS - Population 30 years and over - Living with grandchild(ren)
EST_VC111,Estimate; RESPONSIBILITY FOR GRANDCHILDREN UNDER 18 YEARS - Population 30 years and over - Living with grandchild(ren) - Responsible for grandchild(ren)
MOE_VC111,Margin of Error; RESPONSIBILITY FOR GRANDCHILDREN UNDER 18 YEARS - Population 30 years and over - Living with grandchild(ren) - Responsible for grandchild(ren)
EST_VC113,Estimate; VETERAN STATUS - Civilian population 18 years and over
MOE_VC113,Margin of Error; VETERAN STATUS - Civilian population 18 years and over
EST_VC114,Estimate; VETERAN STATUS - Civilian population 18 years and over - Civilian veteran
MOE_VC114,Margin of Error; VETERAN STATUS - Civilian population 18 years and over - Civilian veteran
EST_VC116,Estimate; DISABILITY STATUS - Civilian population 5 years and over
MOE_VC116,Margin of Error; DISABILITY STATUS - Civilian population 5 years and over
EST_VC117,Estimate; DISABILITY STATUS - Civilian population 5 years and over - With any disability
MOE_VC117,Margin of Error; DISABILITY STATUS - Civilian population 5 years and over - With any disability
EST_VC118,Estimate; DISABILITY STATUS - Civilian population 5 to 15 years
MOE_VC118,Margin of Error; DISABILITY STATUS - Civilian population 5 to 15 years
EST_VC119,Estimate; DISABILITY STATUS - Civilian population 5 to 15 years - With any disability
MOE_VC119,Margin of Error; DISABILITY STATUS - Civilian population 5 to 15 years - With any disability
EST_VC120,Estimate; DISABILITY STATUS - Civilian population 16 to 64 years
MOE_VC120,Margin of Error; DISABILITY STATUS - Civilian population 16 to 64 years
EST_VC121,Estimate; DISABILITY STATUS - Civilian population 16 to 64 years - With any disability
MOE_VC121,Margin of Error; DISABILITY STATUS - Civilian population 16 to 64 years - With any disability
EST_VC122,Estimate; DISABILITY STATUS - Civilian population 16 to 64 years - No disability
MOE_VC122,Margin of Error; DISABILITY STATUS - Civilian population 16 to 64 years - No disability
EST_VC123,Estimate; DISABILITY STATUS - Civilian population 65 years and over
MOE_VC123,Margin of Error; DISABILITY STATUS - Civilian population 65 years and over
EST_VC124,Estimate; DISABILITY STATUS - Civilian population 65 years and over - With any disability
MOE_VC124,Margin of Error; DISABILITY STATUS - Civilian population 65 years and over - With any disability
EST_VC126,Estimate; RESIDENCE 1 YEAR AGO - Population 1 year and over
MOE_VC126,Margin of Error; RESIDENCE 1 YEAR AGO - Population 1 year and over
EST_VC127,Estimate; RESIDENCE 1 YEAR AGO - Population 1 year and over - Same house
MOE_VC127,Margin of Error; RESIDENCE 1 YEAR AGO - Population 1 year and over - Same house
EST_VC128,Estimate; RESIDENCE 1 YEAR AGO - Population 1 year and over - Different house in the U.S.
MOE_VC128,Margin of Error; RESIDENCE 1 YEAR AGO - Population 1 year and over - Different house in the U.S.
EST_VC129,Estimate; RESIDENCE 1 YEAR AGO - Population 1 year and over - Different house in the U.S. - Same county
MOE_VC129,Margin of Error; RESIDENCE 1 YEAR AGO - Population 1 year and over - Different house in the U.S. - Same county
EST_VC130,Estimate; RESIDENCE 1 YEAR AGO - Population 1 year and over - Different house in the U.S. - Different county
MOE_VC130,Margin of Error; RESIDENCE 1 YEAR AGO - Population 1 year and over - Different house in the U.S. - Different county
EST_VC131,Estimate; RESIDENCE 1 YEAR AGO - Population 1 year and over - Different house in the U.S. - Different county - Same state
MOE_VC131,Margin of Error; RESIDENCE 1 YEAR AGO - Population 1 year and over - Different house in the U.S. - Different county - Same state
EST_VC132,Estimate; RESIDENCE 1 YEAR AGO - Population 1 year and over - Different house in the U.S. - Different county - Different state
MOE_VC132,Margin of Error; RESIDENCE 1 YEAR AGO - Population 1 year and over - Different house in the U.S. - Different county - Different state
EST_VC133,Estimate; RESIDENCE 1 YEAR AGO - Population 1 year and over - Abroad
MOE_VC133,Margin of Error; RESIDENCE 1 YEAR AGO - Population 1 year and over - Abroad
EST_VC135,"Estimate; PLACE OF BIRTH, CITIZENSHIP STATUS AND YEAR OF ENTRY - Total population"
MOE_VC135,"Margin of Error; PLACE OF BIRTH, CITIZENSHIP STATUS AND YEAR OF ENTRY - Total population"
EST_VC136,"Estimate; PLACE OF BIRTH, CITIZENSHIP STATUS AND YEAR OF ENTRY - Total population - Native"
MOE_VC136,"Margin of Error; PLACE OF BIRTH, CITIZENSHIP STATUS AND YEAR OF ENTRY - Total population - Native"
EST_VC137,"Estimate; PLACE OF BIRTH, CITIZENSHIP STATUS AND YEAR OF ENTRY - Total population - Native - Male"
MOE_VC137,"Margin of Error; PLACE OF BIRTH, CITIZENSHIP STATUS AND YEAR OF ENTRY - Total population - Native - Male"
EST_VC138,"Estimate; PLACE OF BIRTH, CITIZENSHIP STATUS AND YEAR OF ENTRY - Total population - Native - Female"
MOE_VC138,"Margin of Error; PLACE OF BIRTH, CITIZENSHIP STATUS AND YEAR OF ENTRY - Total population - Native - Female"
EST_VC139,"Estimate; PLACE OF BIRTH, CITIZENSHIP STATUS AND YEAR OF ENTRY - Total population - Foreign born"
MOE_VC139,"Margin of Error; PLACE OF BIRTH, CITIZENSHIP STATUS AND YEAR OF ENTRY - Total population - Foreign born"
EST_VC140,"Estimate; PLACE OF BIRTH, CITIZENSHIP STATUS AND YEAR OF ENTRY - Total population - Foreign born - Male"
MOE_VC140,"Margin of Error; PLACE OF BIRTH, CITIZENSHIP STATUS AND YEAR OF ENTRY - Total population - Foreign born - Male"
EST_VC141,"Estimate; PLACE OF BIRTH, CITIZENSHIP STATUS AND YEAR OF ENTRY - Total population - Foreign born - Female"
MOE_VC141,"Margin of Error; PLACE OF BIRTH, CITIZENSHIP STATUS AND YEAR OF ENTRY - Total population - Foreign born - Female"
EST_VC142,"Estimate; PLACE OF BIRTH, CITIZENSHIP STATUS AND YEAR OF ENTRY - Total population - Foreign born - Naturalized U.S. citizen"
MOE_VC142,"Margin of Error; PLACE OF BIRTH, CITIZENSHIP STATUS AND YEAR OF ENTRY - Total population - Foreign born - Naturalized U.S. citizen"
EST_VC143,"Estimate; PLACE OF BIRTH, CITIZENSHIP STATUS AND YEAR OF ENTRY - Total population - Foreign born - Naturalized U.S. citizen - Male"
MOE_VC143,"Margin of Error; PLACE OF BIRTH, CITIZENSHIP STATUS AND YEAR OF ENTRY - Total population - Foreign born - Naturalized U.S. citizen - Male"
EST_VC144,"Estimate; PLACE OF BIRTH, CITIZENSHIP STATUS AND YEAR OF ENTRY - Total population - Foreign born - Naturalized U.S. citizen - Female"
MOE_VC144,"Margin of Error; PLACE OF BIRTH, CITIZENSHIP STATUS AND YEAR OF ENTRY - Total population - Foreign born - Naturalized U.S. citizen - Female"
EST_VC145,"Estimate; PLACE OF BIRTH, CITIZENSHIP STATUS AND YEAR OF ENTRY - Total population - Foreign born - Not a U.S. citizen"
MOE_VC145,"Margin of Error; PLACE OF BIRTH, CITIZENSHIP STATUS AND YEAR OF ENTRY - Total population - Foreign born - Not a U.S. citizen"
EST_VC146,"Estimate; PLACE OF BIRTH, CITIZENSHIP STATUS AND YEAR OF ENTRY - Total population - Foreign born - Not a U.S. citizen - Male"
MOE_VC146,"Margin of Error; PLACE OF BIRTH, CITIZENSHIP STATUS AND YEAR OF ENTRY - Total population - Foreign born - Not a U.S. citizen - Male"
EST_VC147,"Estimate; PLACE OF BIRTH, CITIZENSHIP STATUS AND YEAR OF ENTRY - Total population - Foreign born - Not a U.S. citizen - Female"
MOE_VC147,"Margin of Error; PLACE OF BIRTH, CITIZENSHIP STATUS AND YEAR OF ENTRY - Total population - Foreign born - Not a U.S. citizen - Female"
EST_VC148,"Estimate; PLACE OF BIRTH, CITIZENSHIP STATUS AND YEAR OF ENTRY - Total population - Foreign born - Entered 2000 or later"
MOE_VC148,"Margin of Error; PLACE OF BIRTH, CITIZENSHIP STATUS AND YEAR OF ENTRY - Total population - Foreign born - Entered 2000 or later"
EST_VC149,"Estimate; PLACE OF BIRTH, CITIZENSHIP STATUS AND YEAR OF ENTRY - Total population - Foreign born - Entered 1990 to 1999"
MOE_VC149,"Margin of Error; PLACE OF BIRTH, CITIZENSHIP STATUS AND YEAR OF ENTRY - Total population - Foreign born - Entered 1990 to 1999"
EST_VC150,"Estimate; PLACE OF BIRTH, CITIZENSHIP STATUS AND YEAR OF ENTRY - Total population - Foreign born - Entered before 1990"
MOE_VC150,"Margin of Error; PLACE OF BIRTH, CITIZENSHIP STATUS AND YEAR OF ENTRY - Total population - Foreign born - Entered before 1990"
EST_VC152,Estimate; WORLD REGION OF BIRTH OF FOREIGN BORN - Foreign-born population excluding population born at sea
MOE_VC152,Margin of Error; WORLD REGION OF BIRTH OF FOREIGN BORN - Foreign-born population excluding population born at sea
EST_VC153,Estimate; WORLD REGION OF BIRTH OF FOREIGN BORN - Foreign-born population excluding population born at sea - Europe
MOE_VC153,Margin of Error; WORLD REGION OF BIRTH OF FOREIGN BORN - Foreign-born population excluding population born at sea - Europe
EST_VC154,Estimate; WORLD REGION OF BIRTH OF FOREIGN BORN - Foreign-born population excluding population born at sea - Asia
MOE_VC154,Margin of Error; WORLD REGION OF BIRTH OF FOREIGN BORN - Foreign-born population excluding population born at sea - Asia
EST_VC155,Estimate; WORLD REGION OF BIRTH OF FOREIGN BORN - Foreign-born population excluding population born at sea - Africa
MOE_VC155,Margin of Error; WORLD REGION OF BIRTH OF FOREIGN BORN - Foreign-born population excluding population born at sea - Africa
EST_VC156,Estimate; WORLD REGION OF BIRTH OF FOREIGN BORN - Foreign-born population excluding population born at sea - Oceania
MOE_VC156,Margin of Error; WORLD REGION OF BIRTH OF FOREIGN BORN - Foreign-born population excluding population born at sea - Oceania
EST_VC157,Estimate; WORLD REGION OF BIRTH OF FOREIGN BORN - Foreign-born population excluding population born at sea - Latin America
MOE_VC157,Margin of Error; WORLD REGION OF BIRTH OF FOREIGN BORN - Foreign-born population excluding population born at sea - Latin America
EST_VC158,Estimate; WORLD REGION OF BIRTH OF FOREIGN BORN - Foreign-born population excluding population born at sea - Northern America
MOE_VC158,Margin of Error; WORLD REGION OF BIRTH OF FOREIGN BORN - Foreign-born population excluding population born at sea - Northern America
EST_VC160,Estimate; LANGUAGE SPOKEN AT HOME AND ABILITY TO SPEAK ENGLISH - Population 5 years and over
MOE_VC160,Margin of Error; LANGUAGE SPOKEN AT HOME AND ABILITY TO SPEAK ENGLISH - Population 5 years and over
EST_VC161,Estimate; LANGUAGE SPOKEN AT HOME AND ABILITY TO SPEAK ENGLISH - Population 5 years and over - English only
MOE_VC161,Margin of Error; LANGUAGE SPOKEN AT HOME AND ABILITY TO SPEAK ENGLISH - Population 5 years and over - English only
EST_VC162,Estimate; LANGUAGE SPOKEN AT HOME AND ABILITY TO SPEAK ENGLISH - Population 5 years and over - Language other than English
MOE_VC162,Margin of Error; LANGUAGE SPOKEN AT HOME AND ABILITY TO SPEAK ENGLISH - Population 5 years and over - Language other than English
EST_VC163,"Estimate; LANGUAGE SPOKEN AT HOME AND ABILITY TO SPEAK ENGLISH - Population 5 years and over - Language other than English - Speak English less than ""very well"""
MOE_VC163,"Margin of Error; LANGUAGE SPOKEN AT HOME AND ABILITY TO SPEAK ENGLISH - Population 5 years and over - Language other than English - Speak English less than ""very well"""
EST_VC165,Estimate; EMPLOYMENT STATUS - Population 16 years and over
MOE_VC165,Margin of Error; EMPLOYMENT STATUS - Population 16 years and over
EST_VC166,Estimate; EMPLOYMENT STATUS - Population 16 years and over - In labor force
MOE_VC166,Margin of Error; EMPLOYMENT STATUS - Population 16 years and over - In labor force
EST_VC167,Estimate; EMPLOYMENT STATUS - Population 16 years and over - In labor force - Civilian labor force
MOE_VC167,Margin of Error; EMPLOYMENT STATUS - Population 16 years and over - In labor force - Civilian labor force
EST_VC168,Estimate; EMPLOYMENT STATUS - Population 16 years and over - In labor force - Civilian labor force - Employed
MOE_VC168,Margin of Error; EMPLOYMENT STATUS - Population 16 years and over - In labor force - Civilian labor force - Employed
EST_VC169,Estimate; EMPLOYMENT STATUS - Population 16 years and over - In labor force - Civilian labor force - Unemployed
MOE_VC169,Margin of Error; EMPLOYMENT STATUS - Population 16 years and over - In labor force - Civilian labor force - Unemployed
EST_VC170,Estimate; EMPLOYMENT STATUS - Population 16 years and over - In labor force - Civilian labor force - Unemployed - Percent of civilian labor force
MOE_VC170,Margin of Error; EMPLOYMENT STATUS - Population 16 years and over - In labor force - Civilian labor force - Unemployed - Percent of civilian labor force
EST_VC171,Estimate; EMPLOYMENT STATUS - Population 16 years and over - In labor force - Armed Forces
MOE_VC171,Margin of Error; EMPLOYMENT STATUS - Population 16 years and over - In labor force - Armed Forces
EST_VC172,Estimate; EMPLOYMENT STATUS - Not in labor force
MOE_VC172,Margin of Error; EMPLOYMENT STATUS - Not in labor force
EST_VC173,Estimate; EMPLOYMENT STATUS - Females 16 years and over
MOE_VC173,Margin of Error; EMPLOYMENT STATUS - Females 16 years and over
EST_VC174,Estimate; EMPLOYMENT STATUS - Females 16 years and over - In labor force
MOE_VC174,Margin of Error; EMPLOYMENT STATUS - Females 16 years and over - In labor force
EST_VC175,Estimate; EMPLOYMENT STATUS - Females 16 years and over - In labor force - Civilian labor force
MOE_VC175,Margin of Error; EMPLOYMENT STATUS - Females 16 years and over - In labor force - Civilian labor force
EST_VC176,Estimate; EMPLOYMENT STATUS - Females 16 years and over - In labor force - Civilian labor force - Employed
MOE_VC176,Margin of Error; EMPLOYMENT STATUS - Females 16 years and over - In labor force - Civilian labor force - Employed
EST_VC177,Estimate; EMPLOYMENT STATUS - Females 16 years and over - In labor force - Civilian labor force - Unemployed
MOE_VC177,Margin of Error; EMPLOYMENT STATUS - Females 16 years and over - In labor force - Civilian labor force - Unemployed
EST_VC178,Estimate; EMPLOYMENT STATUS - Females 16 years and over - In labor force - Civilian labor force - Unemployed - Percent of civilian labor force
MOE_VC178,Margin of Error; EMPLOYMENT STATUS - Females 16 years and over - In labor force - Civilian labor force - Unemployed - Percent of civilian labor force
EST_VC180,Estimate; COMMUTING TO WORK - Workers 16 years and over
MOE_VC180,Margin of Error; COMMUTING TO WORK - Workers 16 years and over
EST_VC181,"Estimate; COMMUTING TO WORK - Workers 16 years and over - Car, truck, or van - drove alone"
MOE_VC181,"Margin of Error; COMMUTING TO WORK - Workers 16 years and over - Car, truck, or van - drove alone"
EST_VC182,"Estimate; COMMUTING TO WORK - Workers 16 years and over - Car, truck, or van - carpooled"
MOE_VC182,"Margin of Error; COMMUTING TO WORK - Workers 16 years and over - Car, truck, or van - carpooled"
EST_VC183,Estimate; COMMUTING TO WORK - Workers 16 years and over - Public transportation (excluding taxicab)
MOE_VC183,Margin of Error; COMMUTING TO WORK - Workers 16 years and over - Public transportation (excluding taxicab)
EST_VC184,Estimate; COMMUTING TO WORK - Workers 16 years and over - Walked
MOE_VC184,Margin of Error; COMMUTING TO WORK - Workers 16 years and over - Walked
EST_VC185,Estimate; COMMUTING TO WORK - Workers 16 years and over - Other means
MOE_VC185,Margin of Error; COMMUTING TO WORK - Workers 16 years and over - Other means
EST_VC186,Estimate; COMMUTING TO WORK - Workers 16 years and over - Worked at home
MOE_VC186,Margin of Error; COMMUTING TO WORK - Workers 16 years and over - Worked at home
EST_VC187,Estimate; COMMUTING TO WORK - Workers 16 years and over - Mean travel time to work (minutes)
MOE_VC187,Margin of Error; COMMUTING TO WORK - Workers 16 years and over - Mean travel time to work (minutes)
EST_VC188,Estimate; Civilian employed population 16 years and over
MOE_VC188,Margin of Error; Civilian employed population 16 years and over
EST_VC190,"Estimate; Civilian employed population 16 years and over - OCCUPATION - Management, professional, and related occupations"
MOE_VC190,"Margin of Error; Civilian employed population 16 years and over - OCCUPATION - Management, professional, and related occupations"
EST_VC191,Estimate; Civilian employed population 16 years and over - OCCUPATION - Service occupations
MOE_VC191,Margin of Error; Civilian employed population 16 years and over - OCCUPATION - Service occupations
EST_VC192,Estimate; Civilian employed population 16 years and over - OCCUPATION - Sales and office occupations
MOE_VC192,Margin of Error; Civilian employed population 16 years and over - OCCUPATION - Sales and office occupations
EST_VC193,"Estimate; Civilian employed population 16 years and over - OCCUPATION - Farming, fishing, and forestry occupations"
MOE_VC193,"Margin of Error; Civilian employed population 16 years and over - OCCUPATION - Farming, fishing, and forestry occupations"
EST_VC194,"Estimate; Civilian employed population 16 years and over - OCCUPATION - Construction, extraction, maintenance, and repair occupations"
MOE_VC194,"Margin of Error; Civilian employed population 16 years and over - OCCUPATION - Construction, extraction, maintenance, and repair occupations"
EST_VC195,"Estimate; Civilian employed population 16 years and over - OCCUPATION - Production, transportation, and material moving occupations"
MOE_VC195,"Margin of Error; Civilian employed population 16 years and over - OCCUPATION - Production, transportation, and material moving occupations"
EST_VC196,Estimate; Civilian employed population 16 years and over - Male civilian employed population 16 years and over
MOE_VC196,Margin of Error; Civilian employed population 16 years and over - Male civilian employed population 16 years and over
EST_VC197,"Estimate; Civilian employed population 16 years and over - Male civilian employed population 16 years and over - Management, professional, and related occupations"
MOE_VC197,"Margin of Error; Civilian employed population 16 years and over - Male civilian employed population 16 years and over - Management, professional, and related occupations"
EST_VC198,Estimate; Civilian employed population 16 years and over - Male civilian employed population 16 years and over - Service occupations
MOE_VC198,Margin of Error; Civilian employed population 16 years and over - Male civilian employed population 16 years and over - Service occupations
EST_VC199,Estimate; Civilian employed population 16 years and over - Male civilian employed population 16 years and over - Sales and office occupations
MOE_VC199,Margin of Error; Civilian employed population 16 years and over - Male civilian employed population 16 years and over - Sales and office occupations
EST_VC200,"Estimate; Civilian employed population 16 years and over - Male civilian employed population 16 years and over - Farming, fishing, and forestry occupations"
MOE_VC200,"Margin of Error; Civilian employed population 16 years and over - Male civilian employed population 16 years and over - Farming, fishing, and forestry occupations"
EST_VC201,"Estimate; Civilian employed population 16 years and over - Male civilian employed population 16 years and over - Construction, extraction, maintenance, and repair occupations"
MOE_VC201,"Margin of Error; Civilian employed population 16 years and over - Male civilian employed population 16 years and over - Construction, extraction, maintenance, and repair occupations"
EST_VC202,"Estimate; Civilian employed population 16 years and over - Male civilian employed population 16 years and over - Production, transportation, and material moving occupations"
MOE_VC202,"Margin of Error; Civilian employed population 16 years and over - Male civilian employed population 16 years and over - Production, transportation, and material moving occupations"
EST_VC203,Estimate; Civilian employed population 16 years and over - Female civilian employed population 16 years and over
MOE_VC203,Margin of Error; Civilian employed population 16 years and over - Female civilian employed population 16 years and over
EST_VC204,"Estimate; Civilian employed population 16 years and over - Female civilian employed population 16 years and over - Management, professional, and related occupations"
MOE_VC204,"Margin of Error; Civilian employed population 16 years and over - Female civilian employed population 16 years and over - Management, professional, and related occupations"
EST_VC205,Estimate; Civilian employed population 16 years and over - Female civilian employed population 16 years and over - Service occupations
MOE_VC205,Margin of Error; Civilian employed population 16 years and over - Female civilian employed population 16 years and over - Service occupations
EST_VC206,Estimate; Civilian employed population 16 years and over - Female civilian employed population 16 years and over - Sales and office occupations
MOE_VC206,Margin of Error; Civilian employed population 16 years and over - Female civilian employed population 16 years and over - Sales and office occupations
EST_VC207,"Estimate; Civilian employed population 16 years and over - Female civilian employed population 16 years and over - Farming, fishing, and forestry occupations"
MOE_VC207,"Margin of Error; Civilian employed population 16 years and over - Female civilian employed population 16 years and over - Farming, fishing, and forestry occupations"
EST_VC208,"Estimate; Civilian employed population 16 years and over - Female civilian employed population 16 years and over - Construction, extraction, maintenance, and repair occupations"
MOE_VC208,"Margin of Error; Civilian employed population 16 years and over - Female civilian employed population 16 years and over - Construction, extraction, maintenance, and repair occupations"
EST_VC209,"Estimate; Civilian employed population 16 years and over - Female civilian employed population 16 years and over - Production, transportation, and material moving occupations"
MOE_VC209,"Margin of Error; Civilian employed population 16 years and over - Female civilian employed population 16 years and over - Production, transportation, and material moving occupations"
EST_VC211,"Estimate; INDUSTRY - Agriculture, forestry, fishing and hunting, and mining"
MOE_VC211,"Margin of Error; INDUSTRY - Agriculture, forestry, fishing and hunting, and mining"
EST_VC212,Estimate; INDUSTRY - Construction
MOE_VC212,Margin of Error; INDUSTRY - Construction
EST_VC213,Estimate; INDUSTRY - Manufacturing
MOE_VC213,Margin of Error; INDUSTRY - Manufacturing
EST_VC214,Estimate; INDUSTRY - Wholesale trade
MOE_VC214,Margin of Error; INDUSTRY - Wholesale trade
EST_VC215,Estimate; INDUSTRY - Retail trade
MOE_VC215,Margin of Error; INDUSTRY - Retail trade
EST_VC216,"Estimate; INDUSTRY - Transportation and warehousing, and utilities"
MOE_VC216,"Margin of Error; INDUSTRY - Transportation and warehousing, and utilities"
EST_VC217,Estimate; INDUSTRY - Information
MOE_VC217,Margin of Error; INDUSTRY - Information
EST_VC218,"Estimate; INDUSTRY - Finance and insurance, and real estate and rental and leasing"
MOE_VC218,"Margin of Error; INDUSTRY - Finance and insurance, and real estate and rental and leasing"
EST_VC219,"Estimate; INDUSTRY - Professional, scientific, and management, and administrative and waste management services"
MOE_VC219,"Margin of Error; INDUSTRY - Professional, scientific, and management, and administrative and waste management services"
EST_VC220,"Estimate; INDUSTRY - Educational services, and health care and social assistance"
MOE_VC220,"Margin of Error; INDUSTRY - Educational services, and health care and social assistance"
EST_VC221,"Estimate; INDUSTRY - Arts, entertainment, and recreation, and accommodation and food services"
MOE_VC221,"Margin of Error; INDUSTRY - Arts, entertainment, and recreation, and accommodation and food services"
EST_VC222,Estimate; INDUSTRY - Other services (except public administration)
MOE_VC222,Margin of Error; INDUSTRY - Other services (except public administration)
EST_VC223,Estimate; INDUSTRY - Public administration
MOE_VC223,Margin of Error; INDUSTRY - Public administration
EST_VC225,Estimate; CLASS OF WORKER - Private wage and salary workers
MOE_VC225,Margin of Error; CLASS OF WORKER - Private wage and salary workers
EST_VC226,Estimate; CLASS OF WORKER - Government workers
MOE_VC226,Margin of Error; CLASS OF WORKER - Government workers
EST_VC227,Estimate; CLASS OF WORKER - Self-employed workers in own not incorporated business
MOE_VC227,Margin of Error; CLASS OF WORKER - Self-employed workers in own not incorporated business
EST_VC228,Estimate; CLASS OF WORKER - Unpaid family workers
MOE_VC228,Margin of Error; CLASS OF WORKER - Unpaid family workers
EST_VC230,Estimate; INCOME IN THE PAST 12 MONTHS (IN 2006 INFLATION-ADJUSTED DOLLARS) - Households
MOE_VC230,Margin of Error; INCOME IN THE PAST 12 MONTHS (IN 2006 INFLATION-ADJUSTED DOLLARS) - Households
EST_VC231,Estimate; INCOME IN THE PAST 12 MONTHS (IN 2006 INFLATION-ADJUSTED DOLLARS) - Households - Median household income (dollars)
MOE_VC231,Margin of Error; INCOME IN THE PAST 12 MONTHS (IN 2006 INFLATION-ADJUSTED DOLLARS) - Households - Median household income (dollars)
EST_VC232,Estimate; INCOME IN THE PAST 12 MONTHS (IN 2006 INFLATION-ADJUSTED DOLLARS) - Households - With earnings
MOE_VC232,Margin of Error; INCOME IN THE PAST 12 MONTHS (IN 2006 INFLATION-ADJUSTED DOLLARS) - Households - With earnings
EST_VC233,Estimate; INCOME IN THE PAST 12 MONTHS (IN 2006 INFLATION-ADJUSTED DOLLARS) - Households - With earnings - Mean earnings (dollars)
MOE_VC233,Margin of Error; INCOME IN THE PAST 12 MONTHS (IN 2006 INFLATION-ADJUSTED DOLLARS) - Households - With earnings - Mean earnings (dollars)
EST_VC234,Estimate; INCOME IN THE PAST 12 MONTHS (IN 2006 INFLATION-ADJUSTED DOLLARS) - Households - With Social Security income
MOE_VC234,Margin of Error; INCOME IN THE PAST 12 MONTHS (IN 2006 INFLATION-ADJUSTED DOLLARS) - Households - With Social Security income
EST_VC235,Estimate; INCOME IN THE PAST 12 MONTHS (IN 2006 INFLATION-ADJUSTED DOLLARS) - Households - With Social Security income - Mean Social Security income (dollars)
MOE_VC235,Margin of Error; INCOME IN THE PAST 12 MONTHS (IN 2006 INFLATION-ADJUSTED DOLLARS) - Households - With Social Security income - Mean Social Security income (dollars)
EST_VC236,Estimate; INCOME IN THE PAST 12 MONTHS (IN 2006 INFLATION-ADJUSTED DOLLARS) - Households - With Supplemental Security Income
MOE_VC236,Margin of Error; INCOME IN THE PAST 12 MONTHS (IN 2006 INFLATION-ADJUSTED DOLLARS) - Households - With Supplemental Security Income
EST_VC237,Estimate; INCOME IN THE PAST 12 MONTHS (IN 2006 INFLATION-ADJUSTED DOLLARS) - Households - With Supplemental Security Income - Mean Supplemental Security Income (dollars)
MOE_VC237,Margin of Error; INCOME IN THE PAST 12 MONTHS (IN 2006 INFLATION-ADJUSTED DOLLARS) - Households - With Supplemental Security Income - Mean Supplemental Security Income (dollars)
EST_VC238,Estimate; INCOME IN THE PAST 12 MONTHS (IN 2006 INFLATION-ADJUSTED DOLLARS) - Households - With cash public assistance income
MOE_VC238,Margin of Error; INCOME IN THE PAST 12 MONTHS (IN 2006 INFLATION-ADJUSTED DOLLARS) - Households - With cash public assistance income
EST_VC239,Estimate; INCOME IN THE PAST 12 MONTHS (IN 2006 INFLATION-ADJUSTED DOLLARS) - Households - With cash public assistance income - Mean cash public assistance income (dollars)
MOE_VC239,Margin of Error; INCOME IN THE PAST 12 MONTHS (IN 2006 INFLATION-ADJUSTED DOLLARS) - Households - With cash public assistance income - Mean cash public assistance income (dollars)
EST_VC240,Estimate; INCOME IN THE PAST 12 MONTHS (IN 2006 INFLATION-ADJUSTED DOLLARS) - Households - With retirement income
MOE_VC240,Margin of Error; INCOME IN THE PAST 12 MONTHS (IN 2006 INFLATION-ADJUSTED DOLLARS) - Households - With retirement income
EST_VC241,Estimate; INCOME IN THE PAST 12 MONTHS (IN 2006 INFLATION-ADJUSTED DOLLARS) - Households - With retirement income - Mean retirement income (dollars)
MOE_VC241,Margin of Error; INCOME IN THE PAST 12 MONTHS (IN 2006 INFLATION-ADJUSTED DOLLARS) - Households - With retirement income - Mean retirement income (dollars)
EST_VC242,Estimate; INCOME IN THE PAST 12 MONTHS (IN 2006 INFLATION-ADJUSTED DOLLARS) - Households - With Food Stamp benefits
MOE_VC242,Margin of Error; INCOME IN THE PAST 12 MONTHS (IN 2006 INFLATION-ADJUSTED DOLLARS) - Households - With Food Stamp benefits
EST_VC243,Estimate; INCOME IN THE PAST 12 MONTHS (IN 2006 INFLATION-ADJUSTED DOLLARS) - Families
MOE_VC243,Margin of Error; INCOME IN THE PAST 12 MONTHS (IN 2006 INFLATION-ADJUSTED DOLLARS) - Families
EST_VC244,Estimate; INCOME IN THE PAST 12 MONTHS (IN 2006 INFLATION-ADJUSTED DOLLARS) - Families - Median family income (dollars)
MOE_VC244,Margin of Error; INCOME IN THE PAST 12 MONTHS (IN 2006 INFLATION-ADJUSTED DOLLARS) - Families - Median family income (dollars)
EST_VC245,Estimate; INCOME IN THE PAST 12 MONTHS (IN 2006 INFLATION-ADJUSTED DOLLARS) - Families - Median family income (dollars) - Married-couple families
MOE_VC245,Margin of Error; INCOME IN THE PAST 12 MONTHS (IN 2006 INFLATION-ADJUSTED DOLLARS) - Families - Median family income (dollars) - Married-couple families
EST_VC246,Estimate; INCOME IN THE PAST 12 MONTHS (IN 2006 INFLATION-ADJUSTED DOLLARS) - Families - Median income (dollars)
MOE_VC246,Margin of Error; INCOME IN THE PAST 12 MONTHS (IN 2006 INFLATION-ADJUSTED DOLLARS) - Families - Median income (dollars)
EST_VC247,"Estimate; INCOME IN THE PAST 12 MONTHS (IN 2006 INFLATION-ADJUSTED DOLLARS) - Families - Median income (dollars) - Male householder, no spouse present"
MOE_VC247,"Margin of Error; INCOME IN THE PAST 12 MONTHS (IN 2006 INFLATION-ADJUSTED DOLLARS) - Families - Median income (dollars) - Male householder, no spouse present"
EST_VC248,Estimate; INCOME IN THE PAST 12 MONTHS (IN 2006 INFLATION-ADJUSTED DOLLARS) - Families - Median income (dollars)
MOE_VC248,Margin of Error; INCOME IN THE PAST 12 MONTHS (IN 2006 INFLATION-ADJUSTED DOLLARS) - Families - Median income (dollars)
EST_VC249,"Estimate; INCOME IN THE PAST 12 MONTHS (IN 2006 INFLATION-ADJUSTED DOLLARS) - Families - Median income (dollars) - Female householder, no spouse present"
MOE_VC249,"Margin of Error; INCOME IN THE PAST 12 MONTHS (IN 2006 INFLATION-ADJUSTED DOLLARS) - Families - Median income (dollars) - Female householder, no spouse present"
EST_VC250,Estimate; INCOME IN THE PAST 12 MONTHS (IN 2006 INFLATION-ADJUSTED DOLLARS) - Families - Median income (dollars)
MOE_VC250,Margin of Error; INCOME IN THE PAST 12 MONTHS (IN 2006 INFLATION-ADJUSTED DOLLARS) - Families - Median income (dollars)
EST_VC251,Estimate; INCOME IN THE PAST 12 MONTHS (IN 2006 INFLATION-ADJUSTED DOLLARS) - Individuals
MOE_VC251,Margin of Error; INCOME IN THE PAST 12 MONTHS (IN 2006 INFLATION-ADJUSTED DOLLARS) - Individuals
EST_VC252,Estimate; INCOME IN THE PAST 12 MONTHS (IN 2006 INFLATION-ADJUSTED DOLLARS) - Individuals - Per capita income (dollars)
MOE_VC252,Margin of Error; INCOME IN THE PAST 12 MONTHS (IN 2006 INFLATION-ADJUSTED DOLLARS) - Individuals - Per capita income (dollars)
EST_VC254,"Estimate; INCOME IN THE PAST 12 MONTHS (IN 2006 INFLATION-ADJUSTED DOLLARS) - Individuals - With earnings for full-time, year-round workers: - Male"
MOE_VC254,"Margin of Error; INCOME IN THE PAST 12 MONTHS (IN 2006 INFLATION-ADJUSTED DOLLARS) - Individuals - With earnings for full-time, year-round workers: - Male"
EST_VC255,"Estimate; INCOME IN THE PAST 12 MONTHS (IN 2006 INFLATION-ADJUSTED DOLLARS) - Individuals - With earnings for full-time, year-round workers: - Female"
MOE_VC255,"Margin of Error; INCOME IN THE PAST 12 MONTHS (IN 2006 INFLATION-ADJUSTED DOLLARS) - Individuals - With earnings for full-time, year-round workers: - Female"
EST_VC257,"Estimate; INCOME IN THE PAST 12 MONTHS (IN 2006 INFLATION-ADJUSTED DOLLARS) - Individuals - Mean earnings (dollars) for full-time, year-round workers: - Male"
MOE_VC257,"Margin of Error; INCOME IN THE PAST 12 MONTHS (IN 2006 INFLATION-ADJUSTED DOLLARS) - Individuals - Mean earnings (dollars) for full-time, year-round workers: - Male"
EST_VC258,"Estimate; INCOME IN THE PAST 12 MONTHS (IN 2006 INFLATION-ADJUSTED DOLLARS) - Individuals - Mean earnings (dollars) for full-time, year-round workers: - Female"
MOE_VC258,"Margin of Error; INCOME IN THE PAST 12 MONTHS (IN 2006 INFLATION-ADJUSTED DOLLARS) - Individuals - Mean earnings (dollars) for full-time, year-round workers: - Female"
EST_VC260,"Estimate; INCOME IN THE PAST 12 MONTHS (IN 2006 INFLATION-ADJUSTED DOLLARS) - Individuals - Median earnings (dollars) full-time, year-round workers: - Male"
MOE_VC260,"Margin of Error; INCOME IN THE PAST 12 MONTHS (IN 2006 INFLATION-ADJUSTED DOLLARS) - Individuals - Median earnings (dollars) full-time, year-round workers: - Male"
EST_VC261,"Estimate; INCOME IN THE PAST 12 MONTHS (IN 2006 INFLATION-ADJUSTED DOLLARS) - Individuals - Median earnings (dollars) full-time, year-round workers: - Female"
MOE_VC261,"Margin of Error; INCOME IN THE PAST 12 MONTHS (IN 2006 INFLATION-ADJUSTED DOLLARS) - Individuals - Median earnings (dollars) full-time, year-round workers: - Female"
EST_VC263,Estimate; POVERTY RATES FOR FAMILIES AND PEOPLE FOR WHOM POVERTY STATUS IS DETERMINED - All families
MOE_VC263,Margin of Error; POVERTY RATES FOR FAMILIES AND PEOPLE FOR WHOM POVERTY STATUS IS DETERMINED - All families
EST_VC264,Estimate; POVERTY RATES FOR FAMILIES AND PEOPLE FOR WHOM POVERTY STATUS IS DETERMINED - All families - With related children under 18 years
MOE_VC264,Margin of Error; POVERTY RATES FOR FAMILIES AND PEOPLE FOR WHOM POVERTY STATUS IS DETERMINED - All families - With related children under 18 years
EST_VC265,Estimate; POVERTY RATES FOR FAMILIES AND PEOPLE FOR WHOM POVERTY STATUS IS DETERMINED - All families - With related children under 18 years - With related children under 5 years only
MOE_VC265,Margin of Error; POVERTY RATES FOR FAMILIES AND PEOPLE FOR WHOM POVERTY STATUS IS DETERMINED - All families - With related children under 18 years - With related children under 5 years only
EST_VC266,Estimate; POVERTY RATES FOR FAMILIES AND PEOPLE FOR WHOM POVERTY STATUS IS DETERMINED - Married-couple families
MOE_VC266,Margin of Error; POVERTY RATES FOR FAMILIES AND PEOPLE FOR WHOM POVERTY STATUS IS DETERMINED - Married-couple families
EST_VC267,Estimate; POVERTY RATES FOR FAMILIES AND PEOPLE FOR WHOM POVERTY STATUS IS DETERMINED - Married-couple families - With related children under 18 years
MOE_VC267,Margin of Error; POVERTY RATES FOR FAMILIES AND PEOPLE FOR WHOM POVERTY STATUS IS DETERMINED - Married-couple families - With related children under 18 years
EST_VC268,Estimate; POVERTY RATES FOR FAMILIES AND PEOPLE FOR WHOM POVERTY STATUS IS DETERMINED - Married-couple families - With related children under 18 years - With related children under 5 years only
MOE_VC268,Margin of Error; POVERTY RATES FOR FAMILIES AND PEOPLE FOR WHOM POVERTY STATUS IS DETERMINED - Married-couple families - With related children under 18 years - With related children under 5 years only
EST_VC269,"Estimate; POVERTY RATES FOR FAMILIES AND PEOPLE FOR WHOM POVERTY STATUS IS DETERMINED - Families with female householder, no husband present"
MOE_VC269,"Margin of Error; POVERTY RATES FOR FAMILIES AND PEOPLE FOR WHOM POVERTY STATUS IS DETERMINED - Families with female householder, no husband present"
EST_VC270,"Estimate; POVERTY RATES FOR FAMILIES AND PEOPLE FOR WHOM POVERTY STATUS IS DETERMINED - Families with female householder, no husband present - With related children under 18 years"
MOE_VC270,"Margin of Error; POVERTY RATES FOR FAMILIES AND PEOPLE FOR WHOM POVERTY STATUS IS DETERMINED - Families with female householder, no husband present - With related children under 18 years"
EST_VC271,"Estimate; POVERTY RATES FOR FAMILIES AND PEOPLE FOR WHOM POVERTY STATUS IS DETERMINED - Families with female householder, no husband present - With related children under 18 years - With related children under 5 years only"
MOE_VC271,"Margin of Error; POVERTY RATES FOR FAMILIES AND PEOPLE FOR WHOM POVERTY STATUS IS DETERMINED - Families with female householder, no husband present - With related children under 18 years - With related children under 5 years only"
EST_VC272,Estimate; POVERTY RATES FOR FAMILIES AND PEOPLE FOR WHOM POVERTY STATUS IS DETERMINED - All people
MOE_VC272,Margin of Error; POVERTY RATES FOR FAMILIES AND PEOPLE FOR WHOM POVERTY STATUS IS DETERMINED - All people
EST_VC273,Estimate; POVERTY RATES FOR FAMILIES AND PEOPLE FOR WHOM POVERTY STATUS IS DETERMINED - Under 18 years
MOE_VC273,Margin of Error; POVERTY RATES FOR FAMILIES AND PEOPLE FOR WHOM POVERTY STATUS IS DETERMINED - Under 18 years
EST_VC274,Estimate; POVERTY RATES FOR FAMILIES AND PEOPLE FOR WHOM POVERTY STATUS IS DETERMINED - Under 18 years - Related children under 18 years
MOE_VC274,Margin of Error; POVERTY RATES FOR FAMILIES AND PEOPLE FOR WHOM POVERTY STATUS IS DETERMINED - Under 18 years - Related children under 18 years
EST_VC275,Estimate; POVERTY RATES FOR FAMILIES AND PEOPLE FOR WHOM POVERTY STATUS IS DETERMINED - Under 18 years - Related children under 18 years - Related children under 5 years
MOE_VC275,Margin of Error; POVERTY RATES FOR FAMILIES AND PEOPLE FOR WHOM POVERTY STATUS IS DETERMINED - Under 18 years - Related children under 18 years - Related children under 5 years
EST_VC276,Estimate; POVERTY RATES FOR FAMILIES AND PEOPLE FOR WHOM POVERTY STATUS IS DETERMINED - Under 18 years - Related children under 18 years - Related children 5 to 17 years
MOE_VC276,Margin of Error; POVERTY RATES FOR FAMILIES AND PEOPLE FOR WHOM POVERTY STATUS IS DETERMINED - Under 18 years - Related children under 18 years - Related children 5 to 17 years
EST_VC277,Estimate; POVERTY RATES FOR FAMILIES AND PEOPLE FOR WHOM POVERTY STATUS IS DETERMINED - 18 years and over
MOE_VC277,Margin of Error; POVERTY RATES FOR FAMILIES AND PEOPLE FOR WHOM POVERTY STATUS IS DETERMINED - 18 years and over
EST_VC278,Estimate; POVERTY RATES FOR FAMILIES AND PEOPLE FOR WHOM POVERTY STATUS IS DETERMINED - 18 to 64 years
MOE_VC278,Margin of Error; POVERTY RATES FOR FAMILIES AND PEOPLE FOR WHOM POVERTY STATUS IS DETERMINED - 18 to 64 years
EST_VC279,Estimate; POVERTY RATES FOR FAMILIES AND PEOPLE FOR WHOM POVERTY STATUS IS DETERMINED - 65 years and over
MOE_VC279,Margin of Error; POVERTY RATES FOR FAMILIES AND PEOPLE FOR WHOM POVERTY STATUS IS DETERMINED - 65 years and over
EST_VC280,Estimate; POVERTY RATES FOR FAMILIES AND PEOPLE FOR WHOM POVERTY STATUS IS DETERMINED - People in families
MOE_VC280,Margin of Error; POVERTY RATES FOR FAMILIES AND PEOPLE FOR WHOM POVERTY STATUS IS DETERMINED - People in families
EST_VC281,Estimate; POVERTY RATES FOR FAMILIES AND PEOPLE FOR WHOM POVERTY STATUS IS DETERMINED - Unrelated individuals 15 years and over
MOE_VC281,Margin of Error; POVERTY RATES FOR FAMILIES AND PEOPLE FOR WHOM POVERTY STATUS IS DETERMINED - Unrelated individuals 15 years and over
EST_VC282,Estimate; Occupied housing units
MOE_VC282,Margin of Error; Occupied housing units
EST_VC284,Estimate; Occupied housing units - HOUSING TENURE - Owner-occupied housing units
MOE_VC284,Margin of Error; Occupied housing units - HOUSING TENURE - Owner-occupied housing units
EST_VC285,Estimate; Occupied housing units - HOUSING TENURE - Renter-occupied housing units
MOE_VC285,Margin of Error; Occupied housing units - HOUSING TENURE - Renter-occupied housing units
EST_VC286,Estimate; Occupied housing units - HOUSING TENURE - Average household size of owner-occupied unit
MOE_VC286,Margin of Error; Occupied housing units - HOUSING TENURE - Average household size of owner-occupied unit
EST_VC287,Estimate; Occupied housing units - HOUSING TENURE - Average household size of renter-occupied unit
MOE_VC287,Margin of Error; Occupied housing units - HOUSING TENURE - Average household size of renter-occupied unit
EST_VC289,"Estimate; Occupied housing units - UNITS IN STRUCTURE - 1-unit, detached or attached"
MOE_VC289,"Margin of Error; Occupied housing units - UNITS IN STRUCTURE - 1-unit, detached or attached"
EST_VC290,Estimate; Occupied housing units - UNITS IN STRUCTURE - 2 to 4 units
MOE_VC290,Margin of Error; Occupied housing units - UNITS IN STRUCTURE - 2 to 4 units
EST_VC291,Estimate; Occupied housing units - UNITS IN STRUCTURE - 5 or more units
MOE_VC291,Margin of Error; Occupied housing units - UNITS IN STRUCTURE - 5 or more units
EST_VC292,"Estimate; Occupied housing units - UNITS IN STRUCTURE - Mobile home, boat, RV, van, etc."
MOE_VC292,"Margin of Error; Occupied housing units - UNITS IN STRUCTURE - Mobile home, boat, RV, van, etc."
EST_VC294,Estimate; Occupied housing units - YEAR STRUCTURE BUILT - Built 2000 or later
MOE_VC294,Margin of Error; Occupied housing units - YEAR STRUCTURE BUILT - Built 2000 or later
EST_VC295,Estimate; Occupied housing units - YEAR STRUCTURE BUILT - Built 1990 to 1999
MOE_VC295,Margin of Error; Occupied housing units - YEAR STRUCTURE BUILT - Built 1990 to 1999
EST_VC296,Estimate; Occupied housing units - YEAR STRUCTURE BUILT - Built 1980 to 1989
MOE_VC296,Margin of Error; Occupied housing units - YEAR STRUCTURE BUILT - Built 1980 to 1989
EST_VC297,Estimate; Occupied housing units - YEAR STRUCTURE BUILT - Built 1960 to 1979
MOE_VC297,Margin of Error; Occupied housing units - YEAR STRUCTURE BUILT - Built 1960 to 1979
EST_VC298,Estimate; Occupied housing units - YEAR STRUCTURE BUILT - Built 1940 to 1959
MOE_VC298,Margin of Error; Occupied housing units - YEAR STRUCTURE BUILT - Built 1940 to 1959
EST_VC299,Estimate; Occupied housing units - YEAR STRUCTURE BUILT - Built 1939 or earlier
MOE_VC299,Margin of Error; Occupied housing units - YEAR STRUCTURE BUILT - Built 1939 or earlier
EST_VC301,Estimate; Occupied housing units - VEHICLES AVAILABLE - None
MOE_VC301,Margin of Error; Occupied housing units - VEHICLES AVAILABLE - None
EST_VC302,Estimate; Occupied housing units - VEHICLES AVAILABLE - 1 or more
MOE_VC302,Margin of Error; Occupied housing units - VEHICLES AVAILABLE - 1 or more
EST_VC304,Estimate; Occupied housing units - HOUSE HEATING FUEL - Gas
MOE_VC304,Margin of Error; Occupied housing units - HOUSE HEATING FUEL - Gas
EST_VC305,Estimate; Occupied housing units - HOUSE HEATING FUEL - Electricity
MOE_VC305,Margin of Error; Occupied housing units - HOUSE HEATING FUEL - Electricity
EST_VC306,Estimate; Occupied housing units - HOUSE HEATING FUEL - All other fuels
MOE_VC306,Margin of Error; Occupied housing units - HOUSE HEATING FUEL - All other fuels
EST_VC307,Estimate; Occupied housing units - HOUSE HEATING FUEL - No fuel used
MOE_VC307,Margin of Error; Occupied housing units - HOUSE HEATING FUEL - No fuel used
EST_VC309,Estimate; Occupied housing units - SELECTED CHARACTERISTICS - No telephone service available
MOE_VC309,Margin of Error; Occupied housing units - SELECTED CHARACTERISTICS - No telephone service available
EST_VC310,Estimate; Occupied housing units - SELECTED CHARACTERISTICS - 1.01 or more occupants per room
MOE_VC310,Margin of Error; Occupied housing units - SELECTED CHARACTERISTICS - 1.01 or more occupants per room
EST_VC311,Estimate; Owner-occupied housing units
MOE_VC311,Margin of Error; Owner-occupied housing units
EST_VC313,Estimate; Owner-occupied housing units - SELECTED MONTHLY OWNER COSTS AS A PERCENTAGE OF HOUSEHOLD INCOME IN THE PAST 12 MONTHS - Less than 30 percent
MOE_VC313,Margin of Error; Owner-occupied housing units - SELECTED MONTHLY OWNER COSTS AS A PERCENTAGE OF HOUSEHOLD INCOME IN THE PAST 12 MONTHS - Less than 30 percent
EST_VC314,Estimate; Owner-occupied housing units - SELECTED MONTHLY OWNER COSTS AS A PERCENTAGE OF HOUSEHOLD INCOME IN THE PAST 12 MONTHS - 30 percent or more
MOE_VC314,Margin of Error; Owner-occupied housing units - SELECTED MONTHLY OWNER COSTS AS A PERCENTAGE OF HOUSEHOLD INCOME IN THE PAST 12 MONTHS - 30 percent or more
EST_VC316,Estimate; Owner-occupied housing units - OWNER CHARACTERISTICS - Median value (dollars)
MOE_VC316,Margin of Error; Owner-occupied housing units - OWNER CHARACTERISTICS - Median value (dollars)
EST_VC317,Estimate; Owner-occupied housing units - OWNER CHARACTERISTICS - Median selected monthly owner costs with a mortgage (dollars)
MOE_VC317,Margin of Error; Owner-occupied housing units - OWNER CHARACTERISTICS - Median selected monthly owner costs with a mortgage (dollars)
EST_VC318,Estimate; Owner-occupied housing units - OWNER CHARACTERISTICS - Median selected monthly owner costs without a mortgage (dollars)
MOE_VC318,Margin of Error; Owner-occupied housing units - OWNER CHARACTERISTICS - Median selected monthly owner costs without a mortgage (dollars)
EST_VC319,Estimate; Renter-occupied housing units
MOE_VC319,Margin of Error; Renter-occupied housing units
EST_VC321,Estimate; Renter-occupied housing units - GROSS RENT AS A PERCENTAGE OF HOUSEHOLD INCOME IN THE PAST 12 MONTHS - Less than 30 percent
MOE_VC321,Margin of Error; Renter-occupied housing units - GROSS RENT AS A PERCENTAGE OF HOUSEHOLD INCOME IN THE PAST 12 MONTHS - Less than 30 percent
EST_VC322,Estimate; Renter-occupied housing units - GROSS RENT AS A PERCENTAGE OF HOUSEHOLD INCOME IN THE PAST 12 MONTHS - 30 percent or more
MOE_VC322,Margin of Error; Renter-occupied housing units - GROSS RENT AS A PERCENTAGE OF HOUSEHOLD INCOME IN THE PAST 12 MONTHS - 30 percent or more
EST_VC324,Estimate; Renter-occupied housing units - GROSS RENT - Median gross rent (dollars)
MOE_VC324,Margin of Error; Renter-occupied housing units - GROSS RENT - Median gross rent (dollars)
