GEO.id,Geographic identifier code
GEO.id2,Id2
GEO.display-label,Geographic area name
SGF001,Total Revenue
SGF002,Total Revenue - General Revenue
SGF003,Total Revenue - General Revenue - Intergovernmental Revenue
SGF004,Total Revenue - General Revenue - Intergovernmental Revenue - From Federal
SGF005,Total Revenue - General Revenue - Intergovernmental Revenue - From Local
SGF006,Total Revenue - General Revenue - Total Taxes
SGF007,Total Revenue - General Revenue - Total Taxes - General Sales and Gross Receipts Taxes
SGF008,Total Revenue - General Revenue - Total Taxes - Selective Sales and Gross Receipts Taxes
SGF009,Total Revenue - General Revenue - Total Taxes - License Taxes
SGF010,Total Revenue - General Revenue - Total Taxes - Individual Income Taxes
SGF011,Total Revenue - General Revenue - Total Taxes - Corporation Net Income Taxes
SGF012,Total Revenue - General Revenue - Total Taxes - All Other Taxes
SGF013,Total Revenue - General Revenue - Current Charges
SGF014,Total Revenue - General Revenue - Miscellaneous General Revenue
SGF015,Total Revenue - Utility Revenue
SGF016,Total Revenue - Liquor Stores Revenue
SGF017,Total Revenue - Insurance Trust Revenue (1)
SGF018,Total Revenue - Insurance Trust Revenue (1) - Unemployment Compensation Systems
SGF019,Total Revenue - Insurance Trust Revenue (1) - State-Administered Pension Systems
SGF020,Total Revenue - Insurance Trust Revenue (1) - Workers' Compensation Systems
SGF021,Total Revenue - Insurance Trust Revenue (1) - Other Insurance Trust Systems
SGF022,Total Expenditure
SGF023,Total Expenditure - Intergovernmental Expenditure
SGF024,Total Expenditure - Direct Expenditure
SGF025,Total Expenditure - Direct Expenditure - Current Operations
SGF026,Total Expenditure - Direct Expenditure - Capital Outlay
SGF027,Total Expenditure - Direct Expenditure - Insurance Benefits and Repayments
SGF028,Total Expenditure - Direct Expenditure - Assistance and Subsidies
SGF029,Total Expenditure - Direct Expenditure - Interest on Debt
SGF030,Total Expenditure - Exhibit: Salaries and Wages
SGF032,Total Expenditure - General Expenditure
SGF033,Total Expenditure - General Expenditure - Intergovernmental General Expenditure
SGF034,Total Expenditure - General Expenditure - Direct General Expenditure
SGF036,"General Expenditure, by Function: - Education"
SGF037,"General Expenditure, by Function: - Public Welfare"
SGF038,"General Expenditure, by Function: - Hospitals"
SGF039,"General Expenditure, by Function: - Health"
SGF040,"General Expenditure, by Function: - Highways"
SGF041,"General Expenditure, by Function: - Police Protection"
SGF042,"General Expenditure, by Function: - Correction"
SGF043,"General Expenditure, by Function: - Natural Resources"
SGF044,"General Expenditure, by Function: - Parks and Recreation"
SGF045,"General Expenditure, by Function: - Governmental Administration"
SGF046,"General Expenditure, by Function: - Interest on General Debt"
SGF047,"General Expenditure, by Function: - Other and Unallocable"
SGF048,Utility Expenditure
SGF049,Liquor Stores Expenditure
SGF050,Insurance Trust Expenditure
SGF051,Insurance Trust Expenditure - Unemployment Compensation Systems
SGF052,Insurance Trust Expenditure - State-Administered Pension Systems
SGF053,Insurance Trust Expenditure - Workers' Compensation Systems
SGF054,Insurance Trust Expenditure - Other Insurance Trust Systems
SGF055,"Debt Outstanding, Long Term and Short Term"
SGF056,Cash and Security Holdings
