GEO.id,GEO.id2,GEO.display-label,HD01_VD02,HD02_VD02,HD01_VD04,HD02_VD04,HD01_VD05,HD02_VD05,HD01_VD06,HD02_VD06,HD01_VD08,HD02_VD08,HD01_VD09,HD02_VD09,HD01_VD10,HD02_VD10
Id,Id2,Geography,Estimate; Median income in the past 12 months (in 2013 inflation-adjusted dollars) -- - Total (dollars):,Margin of Error; Median income in the past 12 months (in 2013 inflation-adjusted dollars) -- - Total (dollars):,Estimate; Median income in the past 12 months (in 2013 inflation-adjusted dollars) -- - Male -- - Total (dollars),Margin of Error; Median income in the past 12 months (in 2013 inflation-adjusted dollars) -- - Male -- - Total (dollars),"Estimate; Median income in the past 12 months (in 2013 inflation-adjusted dollars) -- - Male -- - Worked full-time, year-round in the past 12 months (dollars)","Margin of Error; Median income in the past 12 months (in 2013 inflation-adjusted dollars) -- - Male -- - Worked full-time, year-round in the past 12 months (dollars)",Estimate; Median income in the past 12 months (in 2013 inflation-adjusted dollars) -- - Male -- - Other (dollars),Margin of Error; Median income in the past 12 months (in 2013 inflation-adjusted dollars) -- - Male -- - Other (dollars),Estimate; Median income in the past 12 months (in 2013 inflation-adjusted dollars) -- - Female -- - Total (dollars),Margin of Error; Median income in the past 12 months (in 2013 inflation-adjusted dollars) -- - Female -- - Total (dollars),"Estimate; Median income in the past 12 months (in 2013 inflation-adjusted dollars) -- - Female -- - Worked full-time, year-round in the past 12 months (dollars)","Margin of Error; Median income in the past 12 months (in 2013 inflation-adjusted dollars) -- - Female -- - Worked full-time, year-round in the past 12 months (dollars)",Estimate; Median income in the past 12 months (in 2013 inflation-adjusted dollars) -- - Female -- - Other (dollars),Margin of Error; Median income in the past 12 months (in 2013 inflation-adjusted dollars) -- - Female -- - Other (dollars)
1600000US0107000,0107000,"Birmingham city, Alabama",18187,1119,20351,1519,35344,2960,12469,972,16389,1122,35480,2968,9909,539
1600000US0121184,0121184,"Dothan city, Alabama",22424,1464,29637,2976,42889,2805,14895,1147,18586,1569,32155,1876,11147,681
1600000US0135896,0135896,"Hoover city, Alabama",39132,4665,54246,9618,76536,6602,19499,3108,30719,2651,50095,7034,15065,3145
1600000US0137000,0137000,"Huntsville city, Alabama",26496,1121,36145,1704,56553,5310,14976,3036,20485,1700,35518,2626,11743,982
1600000US0150000,0150000,"Mobile city, Alabama",20749,1154,25993,1818,43141,5567,12165,1356,17798,1287,30722,2205,11497,618
1600000US0151000,0151000,"Montgomery city, Alabama",24783,1673,31421,2935,46010,3163,11668,1458,20980,1468,35646,1710,10467,802
1600000US0177256,0177256,"Tuscaloosa city, Alabama",18651,3899,23989,4138,40980,4176,9567,1828,15910,1759,34547,5590,8915,1083
1600000US0203000,0203000,"Anchorage municipality, Alaska",36238,1009,41553,1779,55265,4974,21063,2326,30616,1430,46503,3305,15417,1531
1600000US0404720,0404720,"Avondale city, Arizona",26250,1471,28820,4539,41155,3726,12240,1746,23627,4790,36020,3722,11315,1859
1600000US0410670,0410670,"Casas Adobes CDP, Arizona",29676,2486,35215,3456,50516,3849,18409,3208,24407,4622,40008,3949,13772,2461
1600000US0412000,0412000,"Chandler city, Arizona",33656,3355,41591,2192,58498,5379,19077,3786,26885,1907,42571,3637,12743,1517
1600000US0423620,0423620,"Flagstaff city, Arizona",20218,2189,24144,4062,46388,3901,11548,1076,17741,2345,32837,3950,8776,1529
1600000US0427400,0427400,"Gilbert town, Arizona",38848,2891,50071,4353,66957,3653,17982,2369,30819,1639,46396,1164,14149,1953
1600000US0427820,0427820,"Glendale city, Arizona",23194,1459,26089,1834,40244,4033,15180,1273,20178,1421,32943,3421,11601,772
1600000US0428380,0428380,"Goodyear city, Arizona",35799,3300,40882,3964,55079,9542,22956,3825,28509,6703,43935,4672,12513,3074
1600000US0446000,0446000,"Mesa city, Arizona",25597,743,30915,826,43896,2868,17051,1275,21022,689,36577,1073,12543,848
1600000US0454050,0454050,"Peoria city, Arizona",30728,1278,37786,2859,51526,3473,20930,1606,25839,1313,41949,3553,15186,1506
1600000US0455000,0455000,"Phoenix city, Arizona",25567,499,29229,1246,41332,621,14635,615,21986,558,36901,706,11765,350
1600000US0464210,0464210,"San Tan Valley CDP, Arizona",27296,3864,31853,6616,41547,4599,19426,5977,24174,3718,39798,3420,12690,1606
1600000US0465000,0465000,"Scottsdale city, Arizona",36462,1688,46756,2820,75025,7522,25379,2703,28641,2306,51670,1571,15894,1604
1600000US0471510,0471510,"Surprise city, Arizona",30969,1471,37912,1975,51166,2758,24542,3564,25481,1979,42740,4166,16128,1681
1600000US0473000,0473000,"Tempe city, Arizona",25065,1991,28489,3265,47221,3445,13951,1625,18630,3315,40213,2669,10272,876
1600000US0477000,0477000,"Tucson city, Arizona",20069,582,22137,866,36655,2203,12575,774,17692,867,33174,2553,11559,440
1600000US0485540,0485540,"Yuma city, Arizona",22313,1251,27148,2168,37333,4446,15128,1917,17086,1915,31698,2774,10869,1015
1600000US0523290,0523290,"Fayetteville city, Arkansas",21997,2196,22744,4574,50846,7972,11446,1706,21346,2754,31090,2403,11895,1269
1600000US0524550,0524550,"Fort Smith city, Arkansas",19284,1603,21977,3018,35577,4942,12044,2634,16087,1866,30370,2379,11027,945
1600000US0535710,0535710,"Jonesboro city, Arkansas",20460,1488,25999,1887,36886,9817,10663,2580,16256,1488,31620,5483,11066,1304
1600000US0541000,0541000,"Little Rock city, Arkansas",26524,2187,30431,2231,44959,4614,13078,2199,21920,2036,39887,3547,11666,787
1600000US0550450,0550450,"North Little Rock city, Arkansas",22497,1664,25556,4526,36595,6541,13370,2261,19815,2199,33554,5287,12632,2093
1600000US0566080,0566080,"Springdale city, Arkansas",23526,3181,27977,3385,37201,7401,16843,4396,20712,1635,30208,2309,10204,1938
1600000US0600562,0600562,"Alameda city, California",37170,3040,39619,5194,67456,16642,17213,7571,34753,5272,61040,8457,14595,2774
1600000US0600884,0600884,"Alhambra city, California",24324,1751,26287,2365,45995,10277,12081,1653,20512,2630,43724,6523,10490,887
1600000US0602000,0602000,"Anaheim city, California",24141,1387,26936,1874,41596,2227,14491,1786,21039,919,37459,2859,11747,647
1600000US0602252,0602252,"Antioch city, California",25780,1926,30293,4232,50851,6490,18087,2478,22410,2795,47370,5369,12799,1214
1600000US0602364,0602364,"Apple Valley town, California",19139,3559,25983,5950,55215,7329,13583,2550,15556,1658,52185,11783,11861,1549
1600000US0602553,0602553,"Arden-Arcade CDP, California",27870,3031,34587,4899,53742,12147,15512,3723,23370,4860,46594,4493,15398,1983
1600000US0603526,0603526,"Bakersfield city, California",23971,1294,30671,1775,47937,4316,15257,1505,19954,1389,36836,3464,11761,798
1600000US0603666,0603666,"Baldwin Park city, California",19794,1804,21406,1344,31163,2336,9934,1384,16386,1518,27467,3264,9404,683
1600000US0604982,0604982,"Bellflower city, California",25096,2283,30025,2814,42224,6916,17134,3404,17941,2642,36442,1918,11411,738
1600000US0606000,0606000,"Berkeley city, California",31666,2105,37028,5218,65581,10343,20126,2684,29134,3767,56990,4531,18642,2622
1600000US0608786,0608786,"Buena Park city, California",29440,4396,35005,5845,50456,5954,16313,2359,23358,3749,41047,6756,11943,1122
1600000US0608954,0608954,"Burbank city, California",32279,2865,38114,5085,57449,9167,19037,3048,29968,2854,49499,5608,13094,3122
1600000US0610046,0610046,"Camarillo city, California",41385,3871,57061,9109,66977,8011,27640,10742,30190,4656,50986,5120,18780,3667
1600000US0611194,0611194,"Carlsbad city, California",41757,3792,53026,5489,87990,15739,22874,6689,28953,5245,52171,16252,16487,4334
1600000US0611390,0611390,"Carmichael CDP, California",30773,1283,35515,4530,51879,8786,21587,2245,27701,5142,43089,8008,16638,3409
1600000US0611530,0611530,"Carson city, California",26387,2855,30476,2591,41030,4355,14808,3875,21799,4084,45239,3476,12206,1288
1600000US0613014,0613014,"Chico city, California",22193,2445,26651,1775,51044,2718,14795,3071,18756,2461,35963,3112,11894,1075
1600000US0613210,0613210,"Chino city, California",25732,2662,29285,3575,50030,8334,11711,993,21235,3235,40676,8817,12092,1648
1600000US0613214,0613214,"Chino Hills city, California",40396,3606,49451,5232,69054,6214,21261,4090,32046,6500,62535,13185,11572,2384
1600000US0613392,0613392,"Chula Vista city, California",26557,1337,31646,1917,47245,3443,17288,2535,21842,1660,41674,2790,11491,644
1600000US0613588,0613588,"Citrus Heights city, California",23178,1971,25736,2263,45762,4963,16367,2254,20485,2376,40781,5719,12842,1781
1600000US0614218,0614218,"Clovis city, California",27615,2490,34436,5052,52293,4869,16922,3088,21640,2809,47094,5194,11856,1099
1600000US0615044,0615044,"Compton city, California",17734,1467,18956,2232,31882,3738,10383,737,16683,1796,26363,4011,10705,702
1600000US0616000,0616000,"Concord city, California",31073,2002,35355,4112,54273,15998,22216,3464,26016,4999,51555,2613,12927,1822
1600000US0616350,0616350,"Corona city, California",30372,1468,36688,4391,51329,1827,14325,1731,23952,3237,42127,5173,11587,868
1600000US0616532,0616532,"Costa Mesa city, California",33113,3863,37953,4460,50998,4314,14615,4826,27909,5612,49662,4034,15414,1686
1600000US0617918,0617918,"Daly City city, California",28921,3643,30884,6942,47076,6478,14077,1852,27542,3792,41261,1695,13299,2763
1600000US0618100,0618100,"Davis city, California",26146,2296,31112,2595,68827,9859,12494,3120,23071,5098,45891,14831,12883,2952
1600000US0619766,0619766,"Downey city, California",26264,2099,30932,1982,40437,5695,16058,2536,21160,2258,37755,3535,10998,992
1600000US0620802,0620802,"East Los Angeles CDP, California",16640,658,20285,860,26769,2322,12262,830,12494,1638,24277,4542,9024,713
1600000US0621712,0621712,"El Cajon city, California",19204,2547,21123,1498,35768,5503,11885,500,16184,2076,32294,4822,10971,640
1600000US0622020,0622020,"Elk Grove city, California",34493,3755,40200,5425,55615,4684,15078,1974,28315,4490,57185,3132,13328,1663
1600000US0622230,0622230,"El Monte city, California",17319,1064,20453,1306,26920,2116,11871,987,14075,1804,24503,3751,9764,919
1600000US0622804,0622804,"Escondido city, California",24025,1540,26510,1781,33912,5384,15877,1568,20931,1802,34423,3936,13836,2216
1600000US0623182,0623182,"Fairfield city, California",26803,2892,33436,5011,51085,1783,16687,2892,21360,3517,46898,5386,11869,1357
1600000US0624638,0624638,"Folsom city, California",51759,5921,70826,9015,91922,3913,24446,8734,33141,6899,67906,7795,14382,2094
1600000US0624680,0624680,"Fontana city, California",25038,2407,30630,1602,41857,1634,12790,1334,18989,2150,36911,4590,11055,1072
1600000US0626000,0626000,"Fremont city, California",47061,2909,60993,4608,96185,7619,22508,2532,36560,4244,66353,8034,13676,2264
1600000US0627000,0627000,"Fresno city, California",20130,719,22227,1126,40539,2628,11867,485,17756,1259,35564,1678,10771,522
1600000US0628000,0628000,"Fullerton city, California",26115,1703,30019,4241,48798,7260,18372,2674,21056,2513,47432,6482,11566,1112
1600000US0629000,0629000,"Garden Grove city, California",22680,1764,27395,2107,40433,1348,13660,1365,19004,1922,34181,3113,11360,676
1600000US0630000,0630000,"Glendale city, California",21313,1270,25771,2265,51489,6299,11692,838,18576,1926,41748,2777,11047,526
1600000US0632548,0632548,"Hawthorne city, California",21814,1472,23583,3026,36501,6580,12881,2482,20222,1864,32186,2853,12261,1189
1600000US0633000,0633000,"Hayward city, California",25174,1588,30522,1614,40852,2586,16488,1989,20736,2017,44227,4122,11997,829
1600000US0633182,0633182,"Hemet city, California",17257,1381,20399,2807,35063,8776,14890,1728,15599,1190,26711,5994,12930,1541
1600000US0633434,0633434,"Hesperia city, California",21610,2204,24932,5244,42495,5722,15833,2831,17689,3135,34433,5655,11287,802
1600000US0636000,0636000,"Huntington Beach city, California",38522,3252,50852,2672,71472,4001,22570,3477,29241,2949,50764,1912,16660,1891
1600000US0636448,0636448,"Indio city, California",23219,2009,27834,4559,39120,4895,19565,2439,18092,3629,33823,3593,11811,787
1600000US0636546,0636546,"Inglewood city, California",21644,2229,22259,3706,32085,6447,12318,904,21043,2800,39415,4280,12275,1057
1600000US0636770,0636770,"Irvine city, California",41187,3971,53867,6253,86209,7726,16948,2441,29209,4405,66515,7248,11872,852
1600000US0637692,0637692,"Jurupa Valley city, California",21316,1144,26049,2073,42136,4179,11874,1532,17606,1985,32257,3888,10760,1370
1600000US0639496,0639496,"Lake Forest city, California",35213,5806,42491,6851,59876,6279,22267,4210,29104,6409,51793,6723,12905,2259
1600000US0639892,0639892,"Lakewood city, California",29271,2991,33907,5720,55205,8780,17123,3912,26652,3512,53273,3325,12380,1775
1600000US0640130,0640130,"Lancaster city, California",28125,3233,32243,2105,44597,2228,14073,1702,22310,2648,34903,1683,10427,901
1600000US0641992,0641992,"Livermore city, California",41301,4621,56962,11635,81030,14032,24252,4192,31000,2794,52309,6694,18258,3701
1600000US0643000,0643000,"Long Beach city, California",25710,1045,30453,1146,47363,3116,14188,847,20900,1124,45235,2744,11425,402
1600000US0644000,0644000,"Los Angeles city, California",22084,244,24879,454,39336,1706,13270,430,19621,464,37323,699,11396,149
1600000US0644574,0644574,"Lynwood city, California",18039,1712,21774,1062,26420,2693,13267,1491,14326,1751,21782,1319,9690,1360
1600000US0645484,0645484,"Manteca city, California",24923,3517,38028,7294,51258,5081,19641,4474,18478,4343,41750,5825,11531,1697
1600000US0646842,0646842,"Menifee city, California",23872,2599,31860,4753,52301,5196,17033,3257,19986,2239,41919,7299,13625,1752
1600000US0646898,0646898,"Merced city, California",17117,1609,20806,3058,40130,7720,11794,867,16043,1485,36071,9917,10375,1654
1600000US0647766,0647766,"Milpitas city, California",31280,3982,40041,6882,62397,8424,13335,2795,24740,3676,54148,7147,10656,1575
1600000US0648256,0648256,"Mission Viejo city, California",41855,5154,60525,4785,81456,5734,25585,3655,29203,5908,62105,9553,14817,3747
1600000US0648354,0648354,"Modesto city, California",21586,1014,27084,3307,51643,2378,13106,1344,17425,1789,40729,4140,11973,561
1600000US0649270,0649270,"Moreno Valley city, California",23280,1231,27709,2384,37342,4041,15115,1705,18572,2136,32494,3367,10267,929
1600000US0649670,0649670,"Mountain View city, California",61737,7258,82166,14352,103332,11006,24732,11764,47257,7299,81510,11407,17100,3902
1600000US0650076,0650076,"Murrieta city, California",30507,3499,46788,4820,63363,7641,21177,3309,21745,2412,40573,4615,12490,1875
1600000US0650258,0650258,"Napa city, California",29557,1677,34435,4895,49973,4105,23619,2835,24055,2829,46828,4123,16485,2466
1600000US0651182,0651182,"Newport Beach city, California",55484,5919,76782,9327,105931,29086,36621,11012,42788,8060,70760,13242,25970,5688
1600000US0652526,0652526,"Norwalk city, California",22323,1812,27649,4069,41624,3930,12453,2100,16684,1558,34928,4911,11507,585
1600000US0653000,0653000,"Oakland city, California",25955,1245,28277,2548,50805,1831,14260,1488,24014,1697,55145,3272,12631,871
1600000US0653322,0653322,"Oceanside city, California",26788,1813,31053,3362,46325,3990,19220,1911,21807,1849,38597,3221,13555,1293
1600000US0653896,0653896,"Ontario city, California",21743,1152,26921,2127,38805,4503,13848,2231,16225,1788,33626,5271,9877,925
1600000US0653980,0653980,"Orange city, California",30615,1828,35614,4121,53661,5591,16261,2097,26082,2362,42863,3208,13874,1996
1600000US0654652,0654652,"Oxnard city, California",21148,766,24078,2628,31350,1390,14569,2536,17319,1098,30642,4287,11678,484
1600000US0655156,0655156,"Palmdale city, California",24146,2300,30423,2312,47599,5848,12887,1124,18653,3163,40387,3389,10342,1039
1600000US0655282,0655282,"Palo Alto city, California",58453,10826,88327,10979,140830,17246,34127,7615,40170,8390,101756,6834,20033,4533
1600000US0656000,0656000,"Pasadena city, California",30870,1777,36442,6111,60823,4437,14051,2849,25794,3834,51486,5444,12214,994
1600000US0656700,0656700,"Perris city, California",21397,1896,25480,2819,41756,7829,15599,3769,17551,4357,24932,1941,11435,1546
1600000US0657456,0657456,"Pittsburg city, California",25959,2904,31108,4267,47465,4188,14527,1811,21642,1829,47409,4916,15563,1755
1600000US0657792,0657792,"Pleasanton city, California",55134,9580,81987,8291,120954,5046,31586,11101,34931,6491,71381,6508,18028,3807
1600000US0658072,0658072,"Pomona city, California",19296,1397,23286,2067,38194,3523,11281,680,15245,1284,31082,6652,10789,512
1600000US0659444,0659444,"Rancho Cordova city, California",24772,3088,27350,6144,48263,5752,15099,3469,21151,2412,40408,4957,11894,1626
1600000US0659451,0659451,"Rancho Cucamonga city, California",35283,3633,46553,5426,72102,3684,17670,2371,26166,3110,50482,6287,12096,1140
1600000US0659920,0659920,"Redding city, California",21452,2123,27022,2880,46728,5510,17159,2384,16825,1997,36424,5341,12172,862
1600000US0659962,0659962,"Redlands city, California",34325,5058,46385,9623,57987,13352,23716,4744,27402,5564,49595,14437,16370,2737
1600000US0660018,0660018,"Redondo Beach city, California",51208,3440,60706,10295,82512,6720,30185,13292,40763,6187,70304,7603,20794,1567
1600000US0660102,0660102,"Redwood City city, California",39703,6286,45858,8347,75316,12060,19338,5212,32035,4558,52731,11162,13904,3103
1600000US0660466,0660466,"Rialto city, California",20966,1732,27260,3561,36309,3364,13686,1654,14984,1813,30291,2518,10549,864
1600000US0660620,0660620,"Richmond city, California",23653,1565,26531,2963,40564,4663,18019,2645,20577,1900,41669,11867,11932,994
1600000US0662000,0662000,"Riverside city, California",22196,961,28077,2124,43468,3186,13341,1206,18570,1630,40533,3800,11720,609
1600000US0662938,0662938,"Roseville city, California",32239,2468,42222,5705,67238,7396,15762,2814,27253,2471,51028,5962,16009,2708
1600000US0664000,0664000,"Sacramento city, California",24938,1397,26941,2254,45633,2926,13170,1323,22448,1995,42401,2839,12190,450
1600000US0664224,0664224,"Salinas city, California",20112,1606,21592,2423,39928,2721,14463,886,17828,2077,38526,5005,12662,720
1600000US0665000,0665000,"San Bernardino city, California",17128,1093,20380,1413,33861,4586,11353,604,14308,1348,31879,3289,10181,743
1600000US0665042,0665042,"San Buenaventura (Ventura) city, California",31139,2026,40946,4831,62431,6706,22295,4196,23291,2236,47169,2494,12594,1982
1600000US0665084,0665084,"San Clemente city, California",38919,7041,51880,14370,90077,10656,21742,5694,31835,5161,64375,18475,19197,3542
1600000US0666000,0666000,"San Diego city, California",31020,584,36910,855,52282,1504,18126,1101,25090,891,46421,1505,13242,627
1600000US0667000,0667000,"San Francisco city, California",40233,985,45735,1424,74805,4604,17506,1384,32348,1321,61818,1709,14218,961
1600000US0668000,0668000,"San Jose city, California",31888,746,40735,1009,63967,3461,16337,875,25256,1215,51628,1065,12369,459
1600000US0668084,0668084,"San Leandro city, California",31175,2323,32480,5246,51081,4979,19152,3381,29004,3807,47698,5851,16823,3419
1600000US0668196,0668196,"San Marcos city, California",26653,2538,30701,3160,40497,4420,17653,1664,23207,1954,40058,3130,16152,1787
1600000US0668252,0668252,"San Mateo city, California",37954,3639,47722,5963,70428,10262,25386,5210,27268,6013,60596,2601,16035,2635
1600000US0668378,0668378,"San Ramon city, California",60884,6592,90033,13578,111958,12318,17496,6712,41363,8274,75764,6054,15926,3351
1600000US0669000,0669000,"Santa Ana city, California",18620,761,20816,745,27157,1252,13067,1021,16024,683,26607,1842,9766,567
1600000US0669070,0669070,"Santa Barbara city, California",27292,4806,31451,5646,47464,5231,19129,3183,25075,3285,41024,2356,16056,2600
1600000US0669084,0669084,"Santa Clara city, California",43059,5786,52467,11212,90330,9923,17376,6513,32224,6828,60601,5339,13541,2330
1600000US0669088,0669088,"Santa Clarita city, California",32948,3729,43221,5360,70720,5817,16923,1900,25825,2372,59026,4620,13428,1842
1600000US0669196,0669196,"Santa Maria city, California",19484,1691,22504,1849,31928,7218,12935,1737,15401,1453,30310,6350,10477,998
1600000US0670000,0670000,"Santa Monica city, California",45269,5428,55321,9732,82052,8632,22924,3146,36186,2561,61020,9108,19429,2080
1600000US0670098,0670098,"Santa Rosa city, California",26678,1432,30908,2695,50354,4267,18823,2144,23651,2555,47138,6627,15222,1343
1600000US0672016,0672016,"Simi Valley city, California",36588,3852,47037,3064,70072,9733,22532,3398,27257,2994,55949,6600,15694,1592
1600000US0673080,0673080,"South Gate city, California",17658,1532,21885,1748,30538,2773,12317,1780,12171,1379,30932,2751,8942,736
1600000US0673262,0673262,"South San Francisco city, California",31472,2565,34045,4304,47166,10370,17369,7011,29485,4088,50411,7938,18910,4663
1600000US0673430,0673430,"South Whittier CDP, California",21586,1671,24750,3229,33036,11425,14786,3314,17451,2869,31236,3046,11272,848
1600000US0675000,0675000,"Stockton city, California",19420,1549,22526,2104,37464,3405,12419,963,16440,1138,36881,3014,11444,578
1600000US0677000,0677000,"Sunnyvale city, California",50012,3818,68905,10243,101737,2217,24766,5910,32380,5296,65641,7955,15961,1720
1600000US0678120,0678120,"Temecula city, California",31288,2038,42066,6121,70863,11315,17760,5726,22104,2403,44367,3780,11816,1480
1600000US0678582,0678582,"Thousand Oaks city, California",40312,3725,57098,6589,91332,6408,23482,5521,26174,3148,71827,9358,14601,2219
1600000US0680000,0680000,"Torrance city, California",37623,3887,49401,4128,68647,10283,23001,2996,26451,1983,52468,8517,16283,1143
1600000US0680238,0680238,"Tracy city, California",34822,4295,45411,6573,55967,5194,16778,5576,23020,3095,46906,5504,11718,1662
1600000US0680812,0680812,"Turlock city, California",21322,2074,25894,3925,52024,7073,10556,1893,16714,3955,38309,7022,11069,1084
1600000US0680854,0680854,"Tustin city, California",30151,3896,41330,5823,52169,14061,19614,4934,20675,2707,47078,10296,14705,1920
1600000US0681204,0681204,"Union City city, California",29580,3207,35653,5481,56343,10206,11432,911,23168,3635,50323,3178,11196,835
1600000US0681344,0681344,"Upland city, California",26481,1524,31532,3239,50599,6909,18904,3806,21665,2525,44617,8366,12229,1138
1600000US0681554,0681554,"Vacaville city, California",31934,2527,38534,3129,65923,12349,19635,4218,25210,3392,52924,7940,13731,1717
1600000US0681666,0681666,"Vallejo city, California",26333,1414,30698,3241,51449,2058,16100,1872,22937,2792,46775,4062,12365,1574
1600000US0682590,0682590,"Victorville city, California",18146,2536,21628,6850,42256,10784,11624,908,14693,3522,32788,6122,9507,1762
1600000US0682954,0682954,"Visalia city, California",21789,2334,25670,2708,45536,5086,12152,1654,18780,2099,40946,4659,11692,826
1600000US0682996,0682996,"Vista city, California",26288,1219,28156,2422,36589,5307,19820,3847,23333,1781,34503,2169,14654,1811
1600000US0683346,0683346,"Walnut Creek city, California",39571,5825,55934,6924,101017,8899,27078,6643,32100,5123,61890,9282,20470,2815
1600000US0684200,0684200,"West Covina city, California",23274,1929,27189,4655,45542,3636,13148,2772,21003,1759,40421,2237,11927,1051
1600000US0684550,0684550,"Westminster city, California",20447,1590,22642,2467,42174,7595,11616,930,17566,2421,36533,4140,10640,901
1600000US0685292,0685292,"Whittier city, California",27483,3722,32294,4205,50979,3814,16479,3194,21569,2429,35958,5717,12568,2000
1600000US0686832,0686832,"Yorba Linda city, California",47531,5462,58394,7144,82419,7394,20822,5520,28845,6290,80072,5001,16507,1722
1600000US0686972,0686972,"Yuba City city, California",20566,2077,25966,6256,46211,4515,14729,2410,16775,2280,29682,6390,11697,1624
1600000US0803455,0803455,"Arvada city, Colorado",35457,1488,42293,4748,57313,5906,21634,1895,28433,2779,45361,3054,15478,1162
1600000US0804000,0804000,"Aurora city, Colorado",26217,764,30666,1380,41091,903,16519,1200,22071,871,36706,2051,12716,867
1600000US0807850,0807850,"Boulder city, Colorado",25900,1845,30874,2131,62253,10852,11344,1409,20755,3157,48995,4936,10568,1651
1600000US0812815,0812815,"Centennial city, Colorado",37419,2691,49703,5996,76479,5002,23365,4520,30282,2670,49393,5157,15309,1345
1600000US0816000,0816000,"Colorado Springs city, Colorado",27756,1350,36054,1679,51057,1779,17782,2221,22096,970,37832,1987,12059,596
1600000US0820000,0820000,"Denver city, Colorado",30529,445,34091,1422,47289,2387,16501,1144,25630,861,43278,2569,13040,885
1600000US0827425,0827425,"Fort Collins city, Colorado",24284,1922,30598,1315,52901,4323,14845,1825,19630,1790,39953,3866,10761,847
1600000US0832155,0832155,"Greeley city, Colorado",23447,1499,28810,2451,44017,5666,15800,1875,19061,3043,35958,2733,11121,1354
1600000US0836410,0836410,"Highlands Ranch CDP, Colorado",52177,3758,71429,6126,88511,9434,23164,6660,37131,5345,63785,6700,14478,2610
1600000US0843000,0843000,"Lakewood city, Colorado",30622,1355,35170,1742,46173,4145,20076,2116,25344,1750,44721,4416,15606,1530
1600000US0845970,0845970,"Longmont city, Colorado",29860,2273,35644,2308,51217,5140,17798,2657,23641,2790,41136,2433,14402,2334
1600000US0846465,0846465,"Loveland city, Colorado",30217,3828,36036,3044,46558,4964,21555,3324,22621,3000,39193,4135,13918,2846
1600000US0862000,0862000,"Pueblo city, Colorado",18628,1517,21280,2216,41232,2021,12115,793,16646,1532,32112,3838,11297,1118
1600000US0877290,0877290,"Thornton city, Colorado",31811,1157,37443,4060,52519,5451,18171,3132,27039,3184,42107,3191,12557,1668
1600000US0883835,0883835,"Westminster city, Colorado",33366,4101,41401,2303,51332,1739,20910,2243,26587,1997,45364,3915,14074,2075
1600000US0908000,0908000,"Bridgeport city, Connecticut",21316,764,23256,3467,38117,4256,15277,2019,18584,1736,38175,4538,10840,935
1600000US0918430,0918430,"Danbury city, Connecticut",26237,2098,32481,5141,51677,7712,19598,2030,21708,1366,39391,4749,14249,1813
1600000US0937000,0937000,"Hartford city, Connecticut",16788,1478,17324,2300,36664,5045,10226,1256,16043,2039,36169,1470,10579,895
1600000US0950370,0950370,"New Britain city, Connecticut",22418,1350,25582,2043,40727,2740,13435,1570,21019,1550,36693,3065,13616,2320
1600000US0952000,0952000,"New Haven city, Connecticut",21811,1532,23355,3317,43526,9558,11557,1582,20689,2123,37436,3614,12548,1053
1600000US0955990,0955990,"Norwalk city, Connecticut",32013,3457,35930,8830,61080,13684,20047,5554,29269,5752,61455,5558,15025,3057
1600000US0973000,0973000,"Stamford city, Connecticut",31348,2593,38920,6507,61296,4377,19306,4664,26391,2800,50904,5781,14512,1953
1600000US0980000,0980000,"Waterbury city, Connecticut",22449,1608,26719,2361,43624,4425,13903,1941,20224,1663,35207,3084,12021,943
1600000US1077580,1077580,"Wilmington city, Delaware",23683,3765,26037,3896,42228,9601,10715,1973,21605,3431,37942,5374,11103,1285
1600000US1150000,1150000,"Washington city, District of Columbia",40397,711,42960,3340,70283,3405,11513,636,36177,1883,62885,3085,12786,883
1600000US1200410,1200410,"Alafaya CDP, Florida",28048,5305,36013,9969,47419,20995,12308,6857,21133,4001,36362,5315,11572,1897
1600000US1207300,1207300,"Boca Raton city, Florida",34384,3680,44180,11087,70185,8400,22764,3962,26708,2722,45220,9451,16036,2826
1600000US1207875,1207875,"Boynton Beach city, Florida",24707,2427,30625,3603,46870,7265,16108,2697,20991,1851,39587,6543,12084,2183
1600000US1208150,1208150,"Brandon CDP, Florida",28207,1787,30903,1666,43647,5560,15369,3103,25983,1831,39784,3085,15447,1861
1600000US1210275,1210275,"Cape Coral city, Florida",21642,1103,27075,1674,41377,4274,18667,1466,18607,1546,33581,4676,11958,878
1600000US1212875,1212875,"Clearwater city, Florida",26216,1815,30263,2506,37696,5140,19777,2487,21362,1989,35880,5636,12806,1380
1600000US1214400,1214400,"Coral Springs city, Florida",28333,3931,35844,3419,50515,2547,11964,1784,23218,3036,39459,3264,11948,932
1600000US1216475,1216475,"Davie town, Florida",29777,3380,31029,3988,51174,4088,15310,3782,26302,5256,43136,5315,11635,1279
1600000US1216725,1216725,"Deerfield Beach city, Florida",24946,2583,29937,2869,43103,4920,16970,4557,19838,2164,37573,5116,11803,1582
1600000US1217200,1217200,"Deltona city, Florida",22684,1416,25105,2009,36275,5258,16169,2267,20532,1917,33434,3645,12269,1457
1600000US1224000,1224000,"Fort Lauderdale city, Florida",25984,1694,30831,2974,50144,5358,15517,2621,22135,2450,38700,5526,12688,1705
1600000US1224125,1224125,"Fort Myers city, Florida",17203,2305,18027,4617,36235,6596,10912,2123,16588,2172,28049,5128,11447,1007
1600000US1225175,1225175,"Gainesville city, Florida",16155,1354,17554,2985,38788,3935,10042,1099,15287,2072,30014,2856,8792,910
1600000US1230000,1230000,"Hialeah city, Florida",14692,929,18538,1862,25659,1182,9688,597,11708,683,22143,1214,8574,255
1600000US1232000,1232000,"Hollywood city, Florida",25995,1354,28191,2275,39743,5709,15397,2337,23020,2646,40967,3014,12560,1785
1600000US1235000,1235000,"Jacksonville city, Florida",26454,683,30733,880,43684,2214,15493,954,23302,1048,36516,817,12395,471
1600000US1236100,1236100,"Kendall CDP, Florida",32194,4577,45159,8680,62475,14486,21543,4233,25719,4481,40502,4842,13108,1751
1600000US1236950,1236950,"Kissimmee city, Florida",19170,3127,21153,4743,30684,4336,10731,1702,16947,3270,32121,4585,10821,1217
1600000US1238250,1238250,"Lakeland city, Florida",22224,1381,26513,2251,41282,1862,16895,1436,20120,1819,36301,4615,12950,1437
1600000US1239425,1239425,"Largo city, Florida",21826,1926,26785,2835,34938,5571,18147,2158,17880,2606,32153,4238,13832,1395
1600000US1239550,1239550,"Lauderhill city, Florida",20968,1727,21316,3678,30768,2497,12610,3263,20678,2302,27451,4313,13856,2122
1600000US1239925,1239925,"Lehigh Acres CDP, Florida",18959,1600,21682,2496,31999,1976,12844,2035,16779,1807,26910,4292,10198,1074
1600000US1243975,1243975,"Melbourne city, Florida",20141,1546,26085,5134,40733,3522,14359,2098,17973,1433,33306,3018,12384,1100
1600000US1245000,1245000,"Miami city, Florida",17408,812,21145,815,30987,1335,10307,623,14814,1035,26644,1429,9639,327
1600000US1245025,1245025,"Miami Beach city, Florida",25630,2672,30427,3788,46967,5129,13769,3364,20749,1769,40898,5165,10801,1039
1600000US1245060,1245060,"Miami Gardens city, Florida",20087,1150,20911,1670,29213,2019,11626,1248,19391,1570,26335,2437,9944,992
1600000US1245975,1245975,"Miramar city, Florida",25781,1889,29517,3349,36823,6408,12280,2875,23455,2709,40156,8530,12577,2505
1600000US1253000,1253000,"Orlando city, Florida",25032,1363,26470,1832,33687,3961,14756,1740,22465,2348,37212,2180,11302,608
1600000US1254000,1254000,"Palm Bay city, Florida",23061,2159,30086,3077,37299,6223,19157,1891,17194,2588,30736,1644,11063,795
1600000US1254200,1254200,"Palm Coast city, Florida",23251,2389,28571,6171,39692,2260,21271,2714,20423,2035,35850,1689,13008,2041
1600000US1255775,1255775,"Pembroke Pines city, Florida",28058,2915,35099,4336,51138,4897,15533,3622,24071,2929,41997,3265,12115,1140
1600000US1256825,1256825,"Pine Hills CDP, Florida",18075,1612,17839,2517,26876,4369,11024,1670,18242,1894,25075,3468,9379,1433
1600000US1257425,1257425,"Plantation city, Florida",34090,3831,41148,2735,54318,7176,17456,2423,29519,2893,41255,2950,14059,3361
1600000US1258050,1258050,"Pompano Beach city, Florida",21579,1646,26077,1975,36082,4343,14750,1670,17231,2179,33617,7415,11376,1031
1600000US1258715,1258715,"Port St. Lucie city, Florida",23115,2298,28401,4791,40292,6377,16328,1947,18467,2812,33425,4773,11690,1155
1600000US1260950,1260950,"Riverview CDP, Florida",31392,3891,37198,5336,47743,5253,12167,3570,27013,3304,42369,5585,11229,984
1600000US1263000,1263000,"St. Petersburg city, Florida",26908,1310,29819,2007,41905,2497,16055,1614,24290,1989,39653,1780,13323,927
1600000US1268350,1268350,"Spring Hill CDP, Florida",20386,1231,25581,3137,40170,4656,18142,1503,16410,1410,35019,6415,12255,1057
1600000US1269700,1269700,"Sunrise city, Florida",22182,1473,24199,3866,50588,6877,14414,1981,21099,1802,34178,6900,12061,1817
1600000US1270600,1270600,"Tallahassee city, Florida",21261,1333,22148,1741,42452,6242,9854,807,19742,2591,39539,1907,9618,1145
1600000US1271000,1271000,"Tampa city, Florida",24716,1340,30043,1925,51313,1636,13334,1643,20828,921,37384,3763,11150,602
1600000US1272145,1272145,"Town 'n' Country CDP, Florida",26213,2283,30134,5300,40018,7666,15328,2593,22785,2722,36009,2366,12187,2423
1600000US1276582,1276582,"Weston city, Florida",39707,5688,56876,14793,82282,14875,24492,7213,28658,7450,48591,10330,12185,2045
1600000US1276600,1276600,"West Palm Beach city, Florida",22738,1987,25479,3038,35850,6629,15978,1967,19604,2478,36873,2039,12032,1051
1600000US1301052,1301052,"Albany city, Georgia",19071,1987,21030,2160,32294,3600,12061,2424,17017,2870,27103,3498,9711,725
1600000US1303440,1303440,"Athens-Clarke County unified government (balance), Georgia",15569,1218,17973,2585,39615,6128,10482,1015,13603,1509,33920,3926,8851,833
1600000US1304000,1304000,"Atlanta city, Georgia",27346,1673,35174,2174,59879,3287,12025,831,20891,1307,42406,2122,11044,544
1600000US1304204,1304204,"Augusta-Richmond County consolidated government (balance), Georgia",20262,1384,22650,3468,37384,4502,13763,1599,18556,1724,31731,2763,12016,1204
1600000US1319000,1319000,"Columbus city, Georgia",21777,756,25207,1943,39977,2826,13087,1663,19742,1341,31090,1816,11838,1198
1600000US1342425,1342425,"Johns Creek city, Georgia",50707,3211,81544,9621,95635,6718,23217,8606,32298,11049,57477,8860,12356,4752
1600000US1349000,1349000,"Macon city, Georgia",14668,1433,17163,3049,37104,5097,10376,1398,13582,1282,28352,2853,9554,852
1600000US1367284,1367284,"Roswell city, Georgia",31965,4775,43520,12484,60978,15578,23894,4800,26464,3207,34835,6251,14801,5534
1600000US1368516,1368516,"Sandy Springs city, Georgia",35163,4603,40740,5726,52163,9011,18450,5049,30731,6556,51088,4703,13745,2631
1600000US1369000,1369000,"Savannah city, Georgia",19989,1513,24299,2794,38656,5625,12928,1652,17121,1260,31598,2779,10615,856
1600000US1380508,1380508,"Warner Robins city, Georgia",26750,1686,31585,7082,43313,10308,16978,5049,23396,4556,29898,3336,11411,2648
1600000US1571550,1571550,"Urban Honolulu CDP, Hawaii",31067,741,36707,1675,51271,1063,17321,1352,25351,1199,42129,2042,15170,1088
1600000US1608830,1608830,"Boise City city, Idaho",25330,1155,28558,2295,45482,3583,13237,1902,21573,1445,38878,2514,11966,713
1600000US1652120,1652120,"Meridian city, Idaho",30933,1885,40636,4022,61129,9806,19932,4424,23350,2805,38331,11000,13222,4772
1600000US1656260,1656260,"Nampa city, Idaho",21338,1216,25286,3924,32483,5181,13475,3126,18127,2209,28825,2899,11002,1401
1600000US1702154,1702154,"Arlington Heights village, Illinois",40234,2379,54167,8622,71124,2712,24318,3005,27970,4223,57618,9965,14289,2125
1600000US1703012,1703012,"Aurora city, Illinois",27464,1934,32948,3081,48687,6550,16032,2360,22318,2147,37351,4824,12274,1368
1600000US1706613,1706613,"Bloomington city, Illinois",30213,3113,37261,4790,58357,10382,16241,2839,22089,2696,46264,5339,12259,1622
1600000US1707133,1707133,"Bolingbrook village, Illinois",26372,2220,35068,7494,51563,9029,14878,4949,21445,2676,38919,6367,12752,2796
1600000US1712385,1712385,"Champaign city, Illinois",19442,2287,21976,2960,48868,5335,8456,1452,16638,3765,36807,3243,7302,1732
1600000US1714000,1714000,"Chicago city, Illinois",25500,351,29545,1137,49048,2046,12923,524,22010,381,42466,1536,11612,243
1600000US1714351,1714351,"Cicero town, Illinois",21289,933,26380,1664,32317,3569,15349,2815,16120,1371,26080,4419,9514,1093
1600000US1718823,1718823,"Decatur city, Illinois",22033,1609,30320,4037,47458,4623,19051,3214,16659,1530,32493,2514,11237,1091
1600000US1723074,1723074,"Elgin city, Illinois",25282,1776,29474,3417,45589,6271,14327,4288,21394,1470,37611,4917,11169,1301
1600000US1724582,1724582,"Evanston city, Illinois",34626,3721,40911,9674,65692,9406,18482,6210,30799,4444,48539,5338,15448,4690
1600000US1738570,1738570,"Joliet city, Illinois",27711,2709,34596,4588,50516,2236,15131,3188,23744,2495,38921,4659,11521,1259
1600000US1751622,1751622,"Naperville city, Illinois",42625,4025,65253,6306,90277,9744,21124,1958,26443,2715,62328,4680,13136,1529
1600000US1757225,1757225,"Palatine village, Illinois",34711,4345,41972,4416,54776,10247,17168,6368,28661,3767,44948,9339,15695,3640
1600000US1759000,1759000,"Peoria city, Illinois",24697,1914,29619,2398,54136,8692,12113,2333,21278,1423,35556,3649,12714,1753
1600000US1765000,1765000,"Rockford city, Illinois",22589,1352,26918,1977,41497,1620,15331,1811,20271,1456,32008,1773,12101,900
1600000US1768003,1768003,"Schaumburg village, Illinois",42281,3064,52180,5317,67380,11767,22348,2575,35529,4262,51577,6531,17286,2184
1600000US1770122,1770122,"Skokie village, Illinois",25638,3518,31992,8535,55724,7442,14615,2783,20790,5464,47123,6726,11504,1383
1600000US1772000,1772000,"Springfield city, Illinois",27595,2087,31979,2561,49647,4331,14457,1559,23418,2383,44481,5514,13772,1791
1600000US1779293,1779293,"Waukegan city, Illinois",22157,1244,25953,2086,31988,1953,13676,3199,18939,2371,26727,2302,11857,1073
1600000US1805860,1805860,"Bloomington city, Indiana",11075,1257,14608,5560,44814,8960,6829,1345,9534,1581,31087,2682,5489,1324
1600000US1810342,1810342,"Carmel city, Indiana",44562,4475,69089,7593,96151,9099,22451,5097,26473,4542,52498,10720,13095,1625
1600000US1822000,1822000,"Evansville city, Indiana",21141,1012,24454,3442,39456,2672,12833,1123,19023,2547,28894,1069,11855,704
1600000US1823278,1823278,"Fishers town, Indiana",46583,4165,61493,5398,73059,9800,12333,9242,36685,3229,50766,4154,18230,3921
1600000US1825000,1825000,"Fort Wayne city, Indiana",23350,1223,30416,1567,41177,1575,14611,1398,19287,1092,32258,1567,12037,571
1600000US1827000,1827000,"Gary city, Indiana",16699,1448,20450,1781,35330,5022,11722,2441,14888,1514,31167,1247,11136,689
1600000US1831000,1831000,"Hammond city, Indiana",20805,1205,26273,3089,42092,3347,13756,2213,16490,1377,31283,2192,10742,1104
1600000US1836003,1836003,"Indianapolis city (balance), Indiana",23803,900,27824,1339,41652,879,14514,1023,20382,612,36212,940,11632,360
1600000US1840788,1840788,"Lafayette city, Indiana",23674,2626,29069,3711,35066,3127,16621,4277,17577,2290,34016,4784,11331,913
1600000US1851876,1851876,"Muncie city, Indiana",14609,1021,16938,2504,31813,10092,10453,1541,12616,1303,24021,3485,9062,615
1600000US1871000,1871000,"South Bend city, Indiana",20139,958,22482,2063,36082,1889,14086,1576,17914,1110,31715,1910,11608,1199
1600000US1912000,1912000,"Cedar Rapids city, Iowa",27814,2106,35720,3134,47067,3878,17696,2087,23807,2080,35500,2038,14956,1317
1600000US1919000,1919000,"Davenport city, Iowa",26284,1701,32651,3877,48943,3083,16859,2705,21401,1701,36296,2777,12225,1228
1600000US1921000,1921000,"Des Moines city, Iowa",25696,901,29727,1930,37581,3608,14045,1534,21755,1038,35414,1586,12767,1002
1600000US1938595,1938595,"Iowa City city, Iowa",19800,2655,21705,3851,44459,6324,7806,1618,15241,4278,45270,5883,7326,1292
1600000US1973335,1973335,"Sioux City city, Iowa",22046,1319,28016,2385,39077,4244,14918,4633,17976,1625,28476,3837,10970,1280
1600000US1982425,1982425,"Waterloo city, Iowa",24294,2301,29589,2542,39283,4256,16247,2401,19240,2644,31910,1725,12897,1911
1600000US2036000,2036000,"Kansas City city, Kansas",21847,915,23888,1599,34012,4431,14114,2369,20335,1165,30715,1259,11276,1056
1600000US2038900,2038900,"Lawrence city, Kansas",21990,2340,21635,2952,41098,3201,9079,1312,22461,3053,41240,3683,9749,1711
1600000US2052575,2052575,"Olathe city, Kansas",33282,2883,45382,5397,61659,2579,15331,2074,24224,2379,41286,2661,12215,1240
1600000US2053775,2053775,"Overland Park city, Kansas",36342,1380,45342,5365,67848,8009,20558,1931,30973,1537,49426,3392,15941,1602
1600000US2071000,2071000,"Topeka city, Kansas",23843,1331,28059,3079,40909,3148,14240,2216,20225,1714,36211,1468,12205,967
1600000US2079000,2079000,"Wichita city, Kansas",25566,684,31699,1248,46421,2797,16918,1053,20778,925,35486,1456,11456,622
1600000US2146027,2146027,"Lexington-Fayette urban county, Kentucky",24339,1124,30703,1676,47933,4366,14286,1843,20886,714,37476,3203,11645,624
1600000US2148006,2148006,"Louisville/Jefferson County metro government (balance), Kentucky",25415,522,30692,797,45140,2279,15284,883,21505,626,36651,1444,12370,558
1600000US2205000,2205000,"Baton Rouge city, Louisiana",20175,1682,25508,2374,43260,4922,13163,2069,16751,851,35632,2834,9547,647
1600000US2208920,2208920,"Bossier City city, Louisiana",26134,3000,33218,6415,42147,5109,15913,5866,20571,2543,40337,5032,11494,1853
1600000US2239475,2239475,"Kenner city, Louisiana",26141,1919,35120,4525,43707,8134,18778,3496,18961,3655,31543,3227,9877,1217
1600000US2240735,2240735,"Lafayette city, Louisiana",25951,1732,31791,4228,51516,2438,14559,3045,20691,2871,35262,4671,10515,1430
1600000US2241155,2241155,"Lake Charles city, Louisiana",21357,1496,24527,3778,46623,6038,12054,2073,18376,2205,30631,2520,12298,1486
1600000US2250115,2250115,"Metairie CDP, Louisiana",30403,1679,38252,3209,51055,3961,17120,3098,23941,2521,38314,4396,14490,1394
1600000US2255000,2255000,"New Orleans city, Louisiana",22403,953,26857,1550,46008,2987,11578,484,19620,961,35934,1700,11029,454
1600000US2270000,2270000,"Shreveport city, Louisiana",22812,1556,29685,2735,45309,4113,12778,2041,18626,2204,31272,1978,10928,751
1600000US2360545,2360545,"Portland city, Maine",22554,2294,25878,4075,44518,6822,12338,1203,20732,2147,40241,5641,11133,873
1600000US2404000,2404000,"Baltimore city, Maryland",25016,841,26671,1244,47883,2816,11320,548,23290,1260,42311,1166,11035,475
1600000US2407125,2407125,"Bethesda CDP, Maryland",69655,9067,101477,6512,122453,20017,40903,12878,50082,4054,79263,8913,28127,6184
1600000US2419125,2419125,"Columbia CDP, Maryland",50314,3165,57048,7657,71971,3556,18310,6115,42636,6291,65674,6989,20160,3429
1600000US2426000,2426000,"Ellicott City CDP, Maryland",50401,5736,58250,8635,89753,20121,21151,6579,38140,6838,75244,7303,14910,4640
1600000US2430325,2430325,"Frederick city, Maryland",34784,3682,40510,2657,53703,5545,17335,3636,27374,4736,46337,3144,12472,3019
1600000US2431175,2431175,"Gaithersburg city, Maryland",40838,3224,46397,5989,60525,6798,19452,8104,35449,6341,52048,7227,20624,2169
1600000US2432025,2432025,"Germantown CDP, Maryland",38928,5324,47871,8486,62495,6147,15589,4899,35159,4781,51175,8007,13055,3346
1600000US2432650,2432650,"Glen Burnie CDP, Maryland",31082,1829,34602,6898,53490,5014,21281,3689,29402,4658,41810,5591,15768,3215
1600000US2472450,2472450,"Silver Spring CDP, Maryland",36963,4544,37351,5846,53934,9614,20066,5644,36355,5545,52152,8143,13585,4367
1600000US2481175,2481175,"Waldorf CDP, Maryland",42297,4904,46279,5254,59285,5903,17013,2945,39928,6149,60253,5899,12753,1674
1600000US2507000,2507000,"Boston city, Massachusetts",27269,881,30979,1282,55366,2499,12132,670,24697,1438,50640,1352,10427,541
1600000US2509000,2509000,"Brockton city, Massachusetts",25684,1647,30563,3383,45106,3241,15362,3284,22913,2443,41147,1692,14199,1355
1600000US2511000,2511000,"Cambridge city, Massachusetts",32290,1910,39733,5811,66533,8942,15985,2650,28516,4613,61216,2339,12441,1682
1600000US2523000,2523000,"Fall River city, Massachusetts",20618,1278,27386,4057,42319,5255,14947,1471,17291,2343,36459,3305,11408,1160
1600000US2524960,2524960,"Framingham CDP, Massachusetts",26506,2445,32335,7185,60880,11767,19099,3018,21482,2825,56875,8351,12846,2062
1600000US2534550,2534550,"Lawrence city, Massachusetts",17216,2071,20989,1728,31172,1803,10902,1381,14557,1983,31112,6217,10129,878
1600000US2537000,2537000,"Lowell city, Massachusetts",23135,2743,25052,3046,41472,5321,12212,1353,21822,3160,36874,3038,11935,1191
1600000US2537490,2537490,"Lynn city, Massachusetts",25803,1319,27145,2453,41824,6650,15120,1611,23637,3041,40118,3700,11780,1917
1600000US2545000,2545000,"New Bedford city, Massachusetts",20461,1603,26432,1865,45121,3237,14065,1536,16577,1642,37320,4003,12204,935
1600000US2545560,2545560,"Newton city, Massachusetts",51380,2816,62446,13216,104688,14665,20093,5772,43263,3906,90261,4283,19720,2361
1600000US2555745,2555745,"Quincy city, Massachusetts",33152,5820,39695,6958,60655,2015,15035,3697,28565,4647,50558,3491,14763,2015
1600000US2562535,2562535,"Somerville city, Massachusetts",36637,1879,41118,2871,55290,6608,21320,4092,30712,3893,47344,3169,12873,2777
1600000US2567000,2567000,"Springfield city, Massachusetts",19776,1610,23420,3139,41621,3003,12371,1276,16412,1097,36358,2271,11024,731
1600000US2582000,2582000,"Worcester city, Massachusetts",22436,1904,26305,3242,46757,5213,11127,791,20189,2430,40184,2523,11269,851
1600000US2603000,2603000,"Ann Arbor city, Michigan",30074,1706,31853,1649,64167,7970,15503,2823,27206,2817,55619,6633,14981,3002
1600000US2621000,2621000,"Dearborn city, Michigan",23445,2584,30721,2012,54238,6019,15965,2425,17403,1791,40830,5179,10596,1119
1600000US2622000,2622000,"Detroit city, Michigan",15876,488,16633,704,33295,2902,10891,477,15330,639,32276,1736,10561,431
1600000US2627440,2627440,"Farmington Hills city, Michigan",36074,2792,50367,5872,77810,6760,28912,4114,25958,3564,52970,8700,14493,1813
1600000US2629000,2629000,"Flint city, Michigan",15998,1279,20411,1883,32130,3430,14356,3461,12253,1323,27086,2090,9841,803
1600000US2634000,2634000,"Grand Rapids city, Michigan",20301,907,22267,2010,41553,1287,12188,1374,17501,1873,35741,2155,11062,676
1600000US2642160,2642160,"Kalamazoo city, Michigan",15711,1134,16390,1574,37450,7454,8812,2006,14900,1865,31123,3979,11172,1882
1600000US2646000,2646000,"Lansing city, Michigan",19802,1795,21487,1759,39870,4335,13421,1975,18007,2129,36255,2252,9991,970
1600000US2649000,2649000,"Livonia city, Michigan",35631,1863,42248,3673,59905,4960,22470,2317,29783,2484,48102,3342,16498,1414
1600000US2669035,2669035,"Rochester Hills city, Michigan",35302,3192,52441,6088,76079,10524,22971,5280,26843,2478,48327,8003,15851,838
1600000US2674900,2674900,"Southfield city, Michigan",27827,2796,31835,4594,49127,7825,17714,3733,26302,2088,42446,5466,16215,1649
1600000US2676460,2676460,"Sterling Heights city, Michigan",25468,1615,31635,2310,56438,7198,17052,1973,20239,1676,43499,4119,12372,1227
1600000US2680700,2680700,"Troy city, Michigan",37499,2821,50418,4735,80617,7864,17357,5338,28092,4156,54682,10066,13706,2581
1600000US2684000,2684000,"Warren city, Michigan",23623,1826,28898,2079,42421,5667,18170,1888,19468,1574,37182,2434,11580,644
1600000US2686000,2686000,"Westland city, Michigan",23068,1891,30111,2443,47385,5512,19137,2577,19040,2392,32646,4092,11800,844
1600000US2688940,2688940,"Wyoming city, Michigan",24289,1928,29833,3163,38204,3986,14256,3154,20040,2799,31822,1949,11109,818
1600000US2706616,2706616,"Bloomington city, Minnesota",35324,2643,45320,4855,60334,5175,24031,3256,27778,2774,42796,4800,17141,1810
1600000US2707966,2707966,"Brooklyn Park city, Minnesota",31515,2454,33450,2981,47691,5646,15682,2139,27667,6035,44428,4202,12174,1384
1600000US2717000,2717000,"Duluth city, Minnesota",20876,1080,24236,3095,43881,5002,11235,1097,18271,1616,37287,3162,12051,853
1600000US2717288,2717288,"Eagan city, Minnesota",41848,1938,51363,3990,67040,5230,20661,7476,35976,4483,51116,2700,13920,2301
1600000US2740166,2740166,"Maple Grove city, Minnesota",43150,5085,58608,3914,78871,14864,24211,7816,31955,5308,60694,2796,13425,4354
1600000US2743000,2743000,"Minneapolis city, Minnesota",26446,1116,31120,949,47235,1929,12390,891,22177,988,45275,2094,11543,737
1600000US2751730,2751730,"Plymouth city, Minnesota",40213,3314,50804,4805,70501,11232,22241,3440,31934,3614,49182,2680,16810,3536
1600000US2754880,2754880,"Rochester city, Minnesota",31630,1002,36931,2533,53988,3247,18218,2574,28946,1883,42411,2573,14134,1462
1600000US2756896,2756896,"St. Cloud city, Minnesota",18628,2146,21408,3678,45910,3945,11388,1730,15786,2563,35811,1952,10522,1774
1600000US2758000,2758000,"St. Paul city, Minnesota",25866,857,28811,2567,43993,3492,13779,1605,23227,2600,40177,1976,11612,632
1600000US2771428,2771428,"Woodbury city, Minnesota",45148,5369,58934,7340,75851,7963,21994,7524,34039,6003,55762,5887,12437,3452
1600000US2829700,2829700,"Gulfport city, Mississippi",21604,1225,27433,3763,37312,3417,14671,3414,17331,2028,30012,2513,10880,1625
1600000US2836000,2836000,"Jackson city, Mississippi",17757,1629,20845,1409,31639,1804,9104,666,15712,1289,26984,1697,9664,529
1600000US2915670,2915670,"Columbia city, Missouri",17453,2106,22351,3741,41781,5452,7820,1494,15875,1193,40618,2965,8580,1435
1600000US2935000,2935000,"Independence city, Missouri",26222,1259,31260,1774,42274,2389,19110,2139,21237,1569,33456,3779,12013,563
1600000US2938000,2938000,"Kansas City city, Missouri",26058,765,29456,1620,46021,2085,14503,1069,22987,1427,38941,2659,12318,635
1600000US2941348,2941348,"Lee's Summit city, Missouri",36141,2418,47544,5938,60558,6832,25849,7671,27095,3085,45631,5898,13528,1618
1600000US2954074,2954074,"O'Fallon city, Missouri",36560,2111,46939,5253,61323,4977,18066,3571,27772,4391,48159,4566,13549,1674
1600000US2964082,2964082,"St. Charles city, Missouri",29709,3090,35597,3418,51995,5990,12787,3050,22140,2503,41182,2392,14797,1893
1600000US2964550,2964550,"St. Joseph city, Missouri",22023,1693,28100,4670,38404,5709,14144,2813,17080,2336,28216,2419,11155,836
1600000US2965000,2965000,"St. Louis city, Missouri",22323,1017,25493,1245,40499,1419,11788,799,19785,1248,38646,2817,11359,558
1600000US2970000,2970000,"Springfield city, Missouri",16996,1111,20812,1483,33385,3547,11630,1043,13967,1325,30326,1446,9650,635
1600000US3006550,3006550,"Billings city, Montana",25881,1621,33086,1968,45568,3934,18317,3401,21195,1425,35561,4660,12624,1305
1600000US3050200,3050200,"Missoula city, Montana",20962,1410,22905,4217,45862,7741,13162,1749,20105,1683,31221,2779,12601,2787
1600000US3128000,3128000,"Lincoln city, Nebraska",26303,818,31146,1211,45032,2641,11760,888,21632,1112,35289,1886,11547,633
1600000US3137000,3137000,"Omaha city, Nebraska",25676,685,30051,1181,44993,3218,15296,1017,21950,612,36495,1155,12246,511
1600000US3223770,3223770,"Enterprise CDP, Nevada",34006,2972,41444,2481,57909,6101,21606,3655,28802,4024,40257,3442,13491,2582
1600000US3231900,3231900,"Henderson city, Nevada",31522,1158,41291,1851,60440,3744,23651,1722,23797,1598,41763,2867,14978,1372
1600000US3240000,3240000,"Las Vegas city, Nevada",25055,694,27872,1538,42402,2415,16682,737,21907,822,35837,1239,12991,741
1600000US3251800,3251800,"North Las Vegas city, Nevada",26046,1233,30411,1156,36858,3232,16066,1180,22116,1652,35277,2676,11387,902
1600000US3254600,3254600,"Paradise CDP, Nevada",26109,927,27089,1424,35747,1924,15064,1086,24927,2238,34196,2816,13957,1138
1600000US3260600,3260600,"Reno city, Nevada",25958,837,29896,2920,46077,1435,16454,1594,22259,1556,38067,2623,12840,1140
1600000US3268400,3268400,"Sparks city, Nevada",29241,2204,35678,3603,50391,5574,19670,3169,23920,3096,35964,4283,14074,980
1600000US3268585,3268585,"Spring Valley CDP, Nevada",27281,1701,31000,1080,40564,2157,17127,1308,24507,2214,36826,1902,14899,1702
1600000US3271400,3271400,"Sunrise Manor CDP, Nevada",21540,955,24548,1353,32983,2987,14116,1643,18818,1482,30075,1633,11144,908
1600000US3345140,3345140,"Manchester city, New Hampshire",26827,2150,31670,1609,46984,4675,12954,1512,23948,2795,39207,5360,12196,928
1600000US3350260,3350260,"Nashua city, New Hampshire",30601,2040,39832,3968,61130,10616,20245,3006,23956,2678,40301,2573,9985,1621
1600000US3403580,3403580,"Bayonne city, New Jersey",30332,1906,31983,3297,55620,8749,16086,4650,24502,4743,48123,3111,14618,2628
1600000US3410000,3410000,"Camden city, New Jersey",14979,1578,18529,3697,34256,5463,9972,1602,13426,1788,28731,3841,9027,830
1600000US3413690,3413690,"Clifton city, New Jersey",34871,4616,42311,3728,57557,8233,20508,4177,26301,3914,50979,4070,14252,1381
1600000US3419390,3419390,"East Orange city, New Jersey",23953,2334,22496,4350,45585,8252,10176,1413,24312,2395,36550,2052,13969,2183
1600000US3421000,3421000,"Elizabeth city, New Jersey",19979,1387,22746,2405,35795,2776,11338,2088,17069,985,28059,1993,9321,999
1600000US3436000,3436000,"Jersey City city, New Jersey",30201,1661,36308,2673,52476,3713,12153,1579,23848,2395,47219,3566,11867,748
1600000US3451000,3451000,"Newark city, New Jersey",18900,1058,22005,1341,36886,2903,12634,1250,16318,1064,31832,887,10008,704
1600000US3456550,3456550,"Passaic city, New Jersey",18536,1980,20454,1856,27465,8333,9963,1564,16380,1872,25523,3139,10164,988
1600000US3457000,3457000,"Paterson city, New Jersey",19212,2067,21544,1739,31415,2642,10820,1920,16541,1080,28851,1832,9371,628
1600000US3473110,3473110,"Toms River CDP, New Jersey",33237,3890,46411,4704,64777,6371,23518,3866,24645,2859,49560,4085,15446,1225
1600000US3474000,3474000,"Trenton city, New Jersey",18703,1865,17923,1988,30563,4868,10424,1431,19941,3438,36141,2440,10395,1742
1600000US3474630,3474630,"Union City city, New Jersey",19367,2550,22231,2684,32385,4691,12007,1249,16513,2306,27538,4555,9525,1180
1600000US3502000,3502000,"Albuquerque city, New Mexico",26025,867,32112,1169,45944,2386,16094,1033,21247,955,37273,1802,12453,755
1600000US3539380,3539380,"Las Cruces city, New Mexico",19985,2067,21661,4072,36045,6421,13469,3364,17288,2534,36559,7451,10689,1426
1600000US3563460,3563460,"Rio Rancho city, New Mexico",31412,1980,40954,3699,60735,8101,16676,2165,23465,4065,40644,2041,12540,2217
1600000US3570500,3570500,"Santa Fe city, New Mexico",31122,1862,36845,3962,54570,6424,18205,3154,26560,3333,46470,2920,16669,2170
1600000US3601000,3601000,"Albany city, New York",22564,3090,27894,4334,41298,1809,11336,1450,19394,3063,46675,6390,10555,1146
1600000US3611000,3611000,"Buffalo city, New York",20337,906,22953,2509,41370,929,11971,846,17438,1162,36715,1940,11683,694
1600000US3615000,3615000,"Cheektowaga CDP, New York",27910,2655,34986,3738,47255,3372,21530,3030,23236,2555,40312,3997,15201,1026
1600000US3649121,3649121,"Mount Vernon city, New York",28807,4022,31372,6075,52868,11233,15023,3856,25968,4423,42054,7704,12466,1859
1600000US3650617,3650617,"New Rochelle city, New York",31615,3095,37303,7072,69795,10382,21287,2779,27047,3426,61005,6101,12245,2233
1600000US3651000,3651000,"New York city, New York",27464,328,31352,301,50174,503,13820,397,24290,447,46789,486,11605,163
1600000US3663000,3663000,"Rochester city, New York",19464,1060,21342,1010,37668,2778,10934,905,16787,960,32812,2057,10524,611
1600000US3665508,3665508,"Schenectady city, New York",19761,1607,24518,4864,38988,5441,12610,1890,17166,1819,30614,2497,11580,982
1600000US3673000,3673000,"Syracuse city, New York",18385,2007,20693,1960,39728,4627,10693,1180,16747,1210,32110,1900,10732,808
1600000US3684000,3684000,"Yonkers city, New York",30992,1635,37589,2755,56301,8185,20310,1637,24906,2542,49246,3266,13232,1229
1600000US3702140,3702140,"Asheville city, North Carolina",24983,2639,28669,5399,51559,2895,14852,2370,22891,2477,36031,3149,13546,1440
1600000US3710740,3710740,"Cary town, North Carolina",45095,4308,58182,5644,80367,5463,19493,3960,33877,3779,58755,4002,14795,2329
1600000US3712000,3712000,"Charlotte city, North Carolina",26902,502,31443,992,48490,3524,13801,1045,23380,1175,40065,1288,12109,416
1600000US3714100,3714100,"Concord city, North Carolina",29400,3039,33655,3997,51490,5621,14937,2769,24647,3067,41852,5078,12879,1415
1600000US3719000,3719000,"Durham city, North Carolina",27208,1357,31077,2792,47385,3501,14030,2408,25218,1681,41735,2163,12615,1351
1600000US3722920,3722920,"Fayetteville city, North Carolina",25688,917,31514,900,40044,2996,16270,1874,19319,1390,33383,2447,10875,800
1600000US3725580,3725580,"Gastonia city, North Carolina",20922,1747,25966,3807,41952,3703,12576,1989,17244,2732,32322,6862,11164,795
1600000US3728000,3728000,"Greensboro city, North Carolina",23847,1492,27838,1541,42282,3314,12824,1353,20662,1068,34796,2639,11999,686
1600000US3728080,3728080,"Greenville city, North Carolina",17673,1750,18709,3758,46475,5946,11602,1135,17177,1996,36654,3378,10198,1677
1600000US3731400,3731400,"High Point city, North Carolina",22802,2118,27966,4551,49067,4668,12563,2049,20131,1841,35944,4769,12338,1354
1600000US3734200,3734200,"Jacksonville city, North Carolina",24551,1032,26215,1143,26378,963,24155,7607,18157,2372,28276,3941,10061,2122
1600000US3755000,3755000,"Raleigh city, North Carolina",30298,1273,35035,3128,47819,3463,14825,1345,26556,1487,40901,1280,13699,1051
1600000US3774440,3774440,"Wilmington city, North Carolina",22486,2164,27121,3117,39514,5705,16908,2764,18682,2128,40588,6057,10873,1104
1600000US3775000,3775000,"Winston-Salem city, North Carolina",22606,1314,26696,2325,46393,4824,13771,1866,20399,1307,35749,1543,11013,715
1600000US3807200,3807200,"Bismarck city, North Dakota",34188,2618,39037,3611,47291,5463,20390,2995,30049,2210,39266,2962,14676,1887
1600000US3825700,3825700,"Fargo city, North Dakota",24081,1641,27445,3315,41101,4113,11980,1928,20755,1261,32005,1721,11749,1618
1600000US3901000,3901000,"Akron city, Ohio",20070,1415,23195,2279,40035,2526,11596,961,16777,1257,32400,2432,10809,560
1600000US3912000,3912000,"Canton city, Ohio",16992,1486,21277,1675,34075,7382,12862,1620,14566,1853,30042,5595,10805,888
1600000US3915000,3915000,"Cincinnati city, Ohio",21650,843,24702,1943,44781,2964,10943,730,19722,1461,36955,1563,11009,677
1600000US3916000,3916000,"Cleveland city, Ohio",16990,656,19237,1176,38437,2599,10965,658,15508,730,32275,1037,9794,302
1600000US3918000,3918000,"Columbus city, Ohio",25673,618,29227,1917,41999,719,12458,834,22475,899,39549,1829,11775,550
1600000US3921000,3921000,"Dayton city, Ohio",16642,1040,19078,2353,40315,2992,10729,1273,15103,1399,30221,2617,9671,748
1600000US3944856,3944856,"Lorain city, Ohio",19611,2159,24680,1979,36924,5105,14953,2482,15854,2119,31649,3060,10735,960
1600000US3961000,3961000,"Parma city, Ohio",25498,1214,31954,2513,47143,4161,17035,1894,21329,1348,37077,3227,13954,1397
1600000US3977000,3977000,"Toledo city, Ohio",19064,1064,21728,921,39651,2591,11954,668,16721,745,35080,2530,11403,496
1600000US3988000,3988000,"Youngstown city, Ohio",14102,1171,14661,2844,32355,6882,9913,1103,13818,1054,29194,5452,10227,1093
1600000US4009050,4009050,"Broken Arrow city, Oklahoma",31803,1340,42973,4009,55633,3444,20467,2051,22854,1874,40393,1481,12091,696
1600000US4023200,4023200,"Edmond city, Oklahoma",35454,2433,49404,3858,69066,10683,16616,5807,26369,2895,41777,4983,13782,1974
1600000US4041850,4041850,"Lawton city, Oklahoma",20338,1842,24330,2813,36770,2749,11963,1128,16988,1908,30354,4281,9723,945
1600000US4052500,4052500,"Norman city, Oklahoma",21461,1352,29797,4628,42902,6788,13579,2104,16579,1925,33064,5278,10846,1100
1600000US4055000,4055000,"Oklahoma City city, Oklahoma",25983,662,30459,829,41298,1076,15245,947,22322,873,34207,1970,12123,541
1600000US4075000,4075000,"Tulsa city, Oklahoma",24067,699,29841,1293,41178,895,15220,1032,20135,639,32141,986,11966,395
1600000US4105350,4105350,"Beaverton city, Oregon",30449,3129,36735,6141,56035,9942,16870,3814,22477,2822,47035,5858,12275,2554
1600000US4105800,4105800,"Bend city, Oregon",24680,2170,27676,4891,41599,10006,16345,3021,22652,3685,34685,11601,13495,2013
1600000US4123850,4123850,"Eugene city, Oregon",21453,1376,25093,2600,45667,2636,12234,1228,18645,1874,37945,4487,12043,1379
1600000US4131250,4131250,"Gresham city, Oregon",23019,1436,26439,3243,42599,6566,16043,2456,20339,2322,40234,4826,11910,1238
1600000US4134100,4134100,"Hillsboro city, Oregon",29279,2441,35910,3115,51047,7932,16454,2566,21667,4040,40602,2567,13438,1768
1600000US4147000,4147000,"Medford city, Oregon",21494,1229,25633,1637,40192,6864,16853,3241,17900,1693,32149,7286,11858,1612
1600000US4159000,4159000,"Portland city, Oregon",27603,1154,31514,972,51225,1557,15656,787,25092,885,48214,2414,13915,750
1600000US4164900,4164900,"Salem city, Oregon",23210,1502,27340,3983,46705,4772,16443,1384,19798,1861,34920,3011,12758,1264
1600000US4202000,4202000,"Allentown city, Pennsylvania",18632,1485,22320,3979,36112,1925,11606,974,16319,2030,30072,5816,10683,1511
1600000US4206088,4206088,"Bethlehem city, Pennsylvania",23389,2449,26949,3626,41938,3274,10112,1869,20187,2597,40423,5544,11996,1172
1600000US4224000,4224000,"Erie city, Pennsylvania",18609,1399,21051,1339,35024,3330,11599,1080,16027,1621,31916,1828,9890,800
1600000US4260000,4260000,"Philadelphia city, Pennsylvania",21698,390,25253,960,42115,1098,12508,721,19273,701,39204,1606,11040,291
1600000US4261000,4261000,"Pittsburgh city, Pennsylvania",22342,952,26859,1352,47441,2705,12488,900,18727,1179,37768,1973,10743,542
1600000US4263624,4263624,"Reading city, Pennsylvania",15535,1042,19933,2899,31364,1431,11316,1021,13337,1199,30725,2463,9400,676
1600000US4269000,4269000,"Scranton city, Pennsylvania",18088,1828,23873,3368,41637,2382,12186,1222,15214,1470,32589,3103,10218,1085
1600000US4419180,4419180,"Cranston city, Rhode Island",28996,4087,33409,5893,53364,7816,15966,2486,24829,3935,50745,5301,15422,1722
1600000US4454640,4454640,"Pawtucket city, Rhode Island",21158,2094,24124,3100,41506,2244,12522,1414,18976,2390,34634,2750,11671,1286
1600000US4459000,4459000,"Providence city, Rhode Island",18531,1800,23719,3121,40580,1787,10301,1351,14926,1235,39162,3936,9821,644
1600000US4474300,4474300,"Warwick city, Rhode Island",36120,3450,42503,6249,57246,5427,18545,3504,30132,3002,48868,3228,16600,3039
1600000US4513330,4513330,"Charleston city, South Carolina",30114,1951,35455,2783,54654,3489,14508,1703,25648,2240,41365,2634,13634,2678
1600000US4516000,4516000,"Columbia city, South Carolina",19682,2018,22129,2142,42364,4115,10394,1159,16887,1396,37958,2832,10497,1075
1600000US4548535,4548535,"Mount Pleasant town, South Carolina",41719,4563,54075,8160,75456,14087,28793,5917,35343,6282,52772,7368,17979,5416
1600000US4550875,4550875,"North Charleston city, South Carolina",21752,1294,24680,3031,35970,3950,10824,3082,19262,2902,30169,2071,9996,1208
1600000US4561405,4561405,"Rock Hill city, South Carolina",22416,1909,28656,2826,45307,5713,11637,1219,18975,2670,35467,4419,10659,1107
1600000US4652980,4652980,"Rapid City city, South Dakota",23248,2630,30311,5171,48485,8910,16157,1956,18526,1856,30873,1539,12411,1031
1600000US4659020,4659020,"Sioux Falls city, South Dakota",28552,1251,32584,2508,41371,1793,17872,2284,24413,1632,32169,1287,12308,924
1600000US4714000,4714000,"Chattanooga city, Tennessee",20170,1278,23267,2441,35979,1604,12226,1223,16972,987,35920,2632,10458,830
1600000US4715160,4715160,"Clarksville city, Tennessee",24948,1826,33794,3277,42080,2325,13494,2039,17701,1571,31723,1571,10260,1006
1600000US4727740,4727740,"Franklin city, Tennessee",42089,4006,51426,3571,71954,9042,21006,7175,33624,5664,55256,6503,13951,2565
1600000US4737640,4737640,"Jackson city, Tennessee",20020,3008,24934,2440,40882,9896,11536,1256,16104,2477,35875,2715,9975,1093
1600000US4738320,4738320,"Johnson City city, Tennessee",21117,1403,25735,3262,40664,4983,13775,2069,16185,3937,41085,2878,10114,1001
1600000US4740000,4740000,"Knoxville city, Tennessee",21308,881,25306,1653,35129,1994,12887,1928,18031,1483,32375,2797,10666,846
1600000US4748000,4748000,"Memphis city, Tennessee",21532,526,23258,1467,38639,3074,11645,675,20353,708,34338,2080,11090,561
1600000US4751560,4751560,"Murfreesboro city, Tennessee",25795,2188,32210,5578,46141,3029,13649,1254,21302,2140,40259,4161,10982,840
1600000US4752006,4752006,"Nashville-Davidson metropolitan government (balance), Tennessee",26439,659,30308,1045,41243,1279,14726,1185,23007,958,37663,1673,12641,717
1600000US4801000,4801000,"Abilene city, Texas",20898,1234,25051,2689,37456,4300,11822,2068,17026,1616,27371,2274,10493,1005
1600000US4801924,4801924,"Allen city, Texas",37167,5256,56684,7495,73420,7822,13797,4579,25310,5930,55984,7588,11843,1697
1600000US4803000,4803000,"Amarillo city, Texas",25861,958,31235,1265,42166,2373,14937,1718,21140,1141,32392,3135,12672,1325
1600000US4804000,4804000,"Arlington city, Texas",26686,988,31177,1714,41379,1135,14640,2265,22490,1842,38955,2658,11505,672
1600000US4804462,4804462,"Atascocita CDP, Texas",38837,4703,46003,8653,61477,3097,21377,2912,31167,3698,49830,5166,12531,1873
1600000US4805000,4805000,"Austin city, Texas",29895,1077,32381,1676,48057,2625,13260,1229,26039,733,41186,1081,11803,460
1600000US4806128,4806128,"Baytown city, Texas",23471,2695,31465,2527,41111,3386,17041,2460,16433,2537,36534,6579,11009,840
1600000US4807000,4807000,"Beaumont city, Texas",22250,1372,25899,2184,40354,6898,13622,3486,17067,1833,32878,4363,11468,1275
1600000US4810768,4810768,"Brownsville city, Texas",16942,833,20683,1515,31899,1509,9953,1083,14904,1017,24297,4034,8847,594
1600000US4810912,4810912,"Bryan city, Texas",20863,2155,25077,4670,35987,8615,11936,2255,17313,2392,30132,3695,11241,1067
1600000US4813024,4813024,"Carrollton city, Texas",32431,4390,36860,3567,52085,3396,17815,2356,29445,3414,47096,2524,13600,2440
1600000US4815976,4815976,"College Station city, Texas",12602,2093,15914,3234,45990,10233,5326,782,11396,1292,35374,3174,6802,1147
1600000US4817000,4817000,"Corpus Christi city, Texas",23765,1731,33732,3795,49035,1858,13810,1590,18950,1019,29577,1895,10793,616
1600000US4819000,4819000,"Dallas city, Texas",24937,570,27665,1194,37053,664,13923,681,21192,538,37301,1325,12045,390
1600000US4819972,4819972,"Denton city, Texas",23091,1973,27290,3949,47089,6651,12818,3037,17974,3217,32471,4807,11118,1923
1600000US4822660,4822660,"Edinburg city, Texas",19798,3167,23294,6054,37743,4688,12542,2071,14598,3491,33371,3890,8979,1643
1600000US4824000,4824000,"El Paso city, Texas",20091,644,25473,1304,39162,3652,11477,474,15741,608,30841,1734,9877,313
1600000US4826232,4826232,"Flower Mound town, Texas",52443,4999,74329,8120,97092,7929,25376,5433,40198,4719,61187,1578,13824,2252
1600000US4827000,4827000,"Fort Worth city, Texas",26071,699,31377,810,43223,2930,13651,1123,21503,886,37838,2273,10767,569
1600000US4827684,4827684,"Frisco city, Texas",48709,3846,66229,6564,84804,9550,23238,3903,35180,4509,56430,3393,13042,1687
1600000US4829000,4829000,"Garland city, Texas",24127,2004,27340,1726,35259,3700,15958,1857,20604,1188,32407,2734,12360,1088
1600000US4830464,4830464,"Grand Prairie city, Texas",30363,1694,32505,2971,45662,3148,14932,3154,24698,2980,42156,5414,10390,1269
1600000US4832372,4832372,"Harlingen city, Texas",19875,3258,23767,3772,33914,6781,15255,1747,15892,1412,30945,2213,10806,1393
1600000US4835000,4835000,"Houston city, Texas",24308,575,28619,1284,39546,1562,13475,654,20115,526,36608,1029,10662,321
1600000US4837000,4837000,"Irving city, Texas",27365,1536,31635,1035,40674,2248,17449,1919,23274,1704,36496,1930,12008,1057
1600000US4839148,4839148,"Killeen city, Texas",25380,2843,32263,2537,40886,2655,11445,2797,17524,2705,30174,1825,9550,1666
1600000US4841464,4841464,"Laredo city, Texas",18951,1083,24663,2482,36598,2058,10539,833,14486,1056,25849,1232,9177,515
1600000US4841980,4841980,"League City city, Texas",42418,6907,60521,4185,68568,11192,16856,4465,34386,1991,47289,8842,15974,4755
1600000US4842508,4842508,"Lewisville city, Texas",30802,1208,35099,4182,45293,4461,16483,3299,26908,2719,41406,2323,14057,2327
1600000US4843888,4843888,"Longview city, Texas",20824,1997,23795,2188,38894,6157,13977,3630,16971,2288,31674,1240,10746,1330
1600000US4845000,4845000,"Lubbock city, Texas",22452,1062,26997,1164,45423,4128,11092,1638,18876,1592,35286,4330,11297,628
1600000US4845384,4845384,"McAllen city, Texas",19511,2232,24298,3863,40767,3899,11397,1368,15071,1439,32359,2461,9419,645
1600000US4845744,4845744,"McKinney city, Texas",39408,3513,49432,3988,59084,5115,17366,3314,30054,3974,46210,3978,12060,1652
1600000US4847892,4847892,"Mesquite city, Texas",25943,1316,29371,2466,36928,3291,13675,1859,22900,2455,33689,4026,11691,1531
1600000US4848072,4848072,"Midland city, Texas",31903,1739,47533,5884,65284,6247,14903,2900,21193,2687,35224,3240,11855,2129
1600000US4848768,4848768,"Mission city, Texas",20080,3338,31119,3786,46563,7013,15649,5821,13431,2368,40377,14958,9259,1368
1600000US4848804,4848804,"Missouri City city, Texas",36729,4210,36836,7370,66028,11262,12363,2730,36648,6058,54725,8810,17676,2710
1600000US4852356,4852356,"North Richland Hills city, Texas",31742,2131,38709,4529,50168,7902,17274,5958,26123,1816,39510,4434,16068,1653
1600000US4853388,4853388,"Odessa city, Texas",28259,2617,38216,4560,50658,1796,14422,3498,20162,1975,32725,2995,10856,1974
1600000US4856000,4856000,"Pasadena city, Texas",21157,1044,29542,4717,41731,2300,13553,2946,16192,1514,31607,3173,10291,640
1600000US4856348,4856348,"Pearland city, Texas",41174,3846,50874,6844,70742,5990,16151,5457,36185,3034,57924,5686,18046,4857
1600000US4857200,4857200,"Pharr city, Texas",17111,3789,25381,4870,32341,3630,9822,2194,12599,1865,26531,2999,8885,942
1600000US4858016,4858016,"Plano city, Texas",41088,1367,53034,3436,72137,3928,22990,4219,31312,2279,50416,2317,12741,1534
1600000US4861796,4861796,"Richardson city, Texas",36696,2186,43768,7092,67480,10088,15848,1927,31189,3999,49521,2563,12957,1713
1600000US4863500,4863500,"Round Rock city, Texas",35225,3011,41558,3558,53556,4856,18346,2710,28215,3902,45561,5384,11765,3033
1600000US4864472,4864472,"San Angelo city, Texas",23322,2062,28571,3993,40009,2316,14991,1821,18870,2159,31330,1721,12151,1156
1600000US4865000,4865000,"San Antonio city, Texas",22444,565,26305,708,40547,1122,11944,480,19241,742,33807,1508,10567,307
1600000US4870808,4870808,"Sugar Land city, Texas",42014,4718,60283,9571,85675,11866,18773,6576,32127,4954,51349,8718,12400,1630
1600000US4872176,4872176,"Temple city, Texas",26589,2225,31051,2560,41572,5706,14016,3033,20811,2309,37710,5807,11471,1131
1600000US4872656,4872656,"The Woodlands CDP, Texas",51747,5989,90941,20371,110471,21935,50333,21235,23351,5474,52198,12204,11125,2885
1600000US4874144,4874144,"Tyler city, Texas",22773,1593,26527,3590,40118,7613,15729,1305,21102,2262,34980,3436,11587,1236
1600000US4875428,4875428,"Victoria city, Texas",24315,1929,31589,2552,49027,4746,13809,3112,19318,3057,30110,5186,11131,1727
1600000US4876000,4876000,"Waco city, Texas",17937,1284,21084,1908,35326,4228,9777,1227,15817,1803,31229,3282,9822,740
1600000US4879000,4879000,"Wichita Falls city, Texas",20896,1257,27702,3708,41567,2002,11675,1246,17370,1783,28499,3446,11343,798
1600000US4943660,4943660,"Layton city, Utah",26905,2350,41959,4774,52778,4878,17029,2598,16792,2402,32767,4234,8816,1675
1600000US4955980,4955980,"Ogden city, Utah",21611,1454,28355,3309,36975,3822,16296,1490,15386,1659,30543,4473,10198,1126
1600000US4957300,4957300,"Orem city, Utah",21723,1480,27491,3569,42549,4256,12965,2220,16774,2269,30282,3102,9594,1266
1600000US4962470,4962470,"Provo city, Utah",12234,938,16198,1442,44774,5582,10227,1030,9020,1423,26632,2882,6359,718
1600000US4965330,4965330,"St. George city, Utah",22825,2150,31066,4713,46932,8763,23078,2475,15867,1333,35745,7273,11802,1352
1600000US4967000,4967000,"Salt Lake City city, Utah",25699,1255,30183,2085,42293,5036,14851,1488,21989,1193,38925,4391,12095,956
1600000US4967440,4967440,"Sandy city, Utah",32503,3236,45255,6256,57266,6030,19960,2470,22198,2964,40753,3757,10846,1699
1600000US4982950,4982950,"West Jordan city, Utah",29052,3344,37396,3346,46783,3668,16019,2490,21087,1399,39384,4994,10675,1207
1600000US4983470,4983470,"West Valley City city, Utah",23824,2363,27435,3325,40216,4066,14155,2975,20063,1819,30373,1876,10841,994
1600000US5101000,5101000,"Alexandria city, Virginia",47843,5115,51850,4373,67336,4664,25715,5110,44872,3750,65383,2992,15304,2180
1600000US5103000,5103000,"Arlington CDP, Virginia",60812,1548,69870,5871,90781,3359,30282,8452,51513,1932,77208,4632,20778,3423
1600000US5114440,5114440,"Centreville CDP, Virginia",50904,3148,62423,9721,78375,8512,21326,10282,34174,8579,59624,4420,11503,1694
1600000US5116000,5116000,"Chesapeake city, Virginia",32253,2270,42126,2257,60151,3693,16688,2125,23305,1883,41048,1522,11727,984
1600000US5121088,5121088,"Dale City CDP, Virginia",34846,3827,44679,6435,55679,10933,20210,2590,24460,3058,45980,5202,11426,2197
1600000US5135000,5135000,"Hampton city, Virginia",26237,2008,31294,2647,44670,4133,17596,1761,22642,1999,34804,2684,12300,1142
1600000US5147672,5147672,"Lynchburg city, Virginia",18519,2317,22508,2949,40442,5760,13161,2580,14680,1873,29606,2464,9229,1274
1600000US5156000,5156000,"Newport News city, Virginia",25566,995,30888,1760,40288,2254,15505,2007,20937,1058,35623,2587,12322,1072
1600000US5157000,5157000,"Norfolk city, Virginia",22482,829,25643,1239,36424,1967,13453,1665,19236,983,31513,1342,11613,571
1600000US5164000,5164000,"Portsmouth city, Virginia",24967,1609,31182,1420,45154,4611,14239,1337,20430,1870,31371,1798,12459,1528
1600000US5167000,5167000,"Richmond city, Virginia",21254,1053,24847,2274,40642,1699,12237,876,19010,1659,37142,2587,11256,675
1600000US5168000,5168000,"Roanoke city, Virginia",21220,1000,25651,2556,37452,6002,13687,3010,19045,1769,27418,3370,12727,1347
1600000US5176432,5176432,"Suffolk city, Virginia",31794,2068,40664,2826,54209,5745,16146,2702,24887,2786,40196,2591,12642,2629
1600000US5182000,5182000,"Virginia Beach city, Virginia",31355,712,40231,1490,52632,2248,19471,1917,25053,1246,40226,1355,13614,941
1600000US5303180,5303180,"Auburn city, Washington",32309,2607,40744,3631,55719,6704,20816,2983,26175,3152,40556,3717,15925,1382
1600000US5305210,5305210,"Bellevue city, Washington",42379,3827,59261,8524,87516,10714,25494,4851,33041,4654,60910,5386,17697,2497
1600000US5305280,5305280,"Bellingham city, Washington",20193,2214,23350,3927,41475,3734,10070,4300,16171,3081,37585,4675,10599,1504
1600000US5322640,5322640,"Everett city, Washington",28820,3291,36853,1719,46464,4215,15492,2663,20696,2404,37534,2956,10511,1354
1600000US5323515,5323515,"Federal Way city, Washington",29898,3576,35729,3670,46326,5346,18090,2801,24166,3205,42008,5060,14314,2995
1600000US5335275,5335275,"Kennewick city, Washington",25962,1970,35843,4010,49745,5284,17460,5427,19910,2279,35195,6195,12084,1638
1600000US5335415,5335415,"Kent city, Washington",28396,2351,32352,4865,48011,5201,15189,2450,22493,2296,40479,7939,11357,1198
1600000US5335940,5335940,"Kirkland city, Washington",45827,3697,68045,10034,91851,6569,26621,10293,32409,4450,51750,6468,15700,3005
1600000US5353545,5353545,"Pasco city, Washington",24312,2243,28505,4773,41001,11655,11391,1411,21360,2468,31637,2407,11944,1532
1600000US5357745,5357745,"Renton city, Washington",30831,1141,38096,2737,50622,4531,17810,2725,24121,2909,42035,6631,12259,2514
1600000US5363000,5363000,"Seattle city, Washington",37034,1021,43935,2730,68760,4079,20064,1552,31695,1030,53360,3098,15452,822
1600000US5367000,5367000,"Spokane city, Washington",22112,1203,27173,2789,46580,2947,14358,1304,20045,1559,37456,2547,12210,898
1600000US5367167,5367167,"Spokane Valley city, Washington",24101,1641,27243,3058,45848,5547,15483,2865,20593,2016,34296,2616,12918,2200
1600000US5370000,5370000,"Tacoma city, Washington",27297,1454,30918,1607,50200,3108,16765,2291,23954,2448,44871,3883,12890,1116
1600000US5374060,5374060,"Vancouver city, Washington",25454,1269,31865,1453,46154,3301,17508,1788,19289,1539,41026,1905,12717,1348
1600000US5380010,5380010,"Yakima city, Washington",18906,1446,21088,1537,31101,3125,13299,1777,16438,1760,32227,4571,11292,1531
1600000US5502375,5502375,"Appleton city, Wisconsin",27217,2935,35549,3530,45891,2080,16085,1367,19611,2562,40121,2031,11884,1223
1600000US5522300,5522300,"Eau Claire city, Wisconsin",22297,2168,27056,2890,45072,5489,11506,1854,19640,1939,35058,4069,12382,1627
1600000US5531000,5531000,"Green Bay city, Wisconsin",23407,1621,30072,1530,39280,2822,16375,1745,17464,1664,32026,1675,11413,703
1600000US5539225,5539225,"Kenosha city, Wisconsin",22069,1343,28483,4199,47023,4470,13800,2358,18891,2404,33699,3654,12401,1730
1600000US5548000,5548000,"Madison city, Wisconsin",25966,1126,29443,1927,48762,3226,13049,1754,22139,1193,43570,2789,12244,876
1600000US5553000,5553000,"Milwaukee city, Wisconsin",21005,422,23815,1461,39669,2135,12495,877,18887,722,34269,2005,11535,350
1600000US5560500,5560500,"Oshkosh city, Wisconsin",21120,2028,27229,2665,44291,2846,13195,2587,16557,1657,35848,2093,11841,807
1600000US5566000,5566000,"Racine city, Wisconsin",23923,1943,29042,3364,41642,3623,16608,1791,21654,1512,31868,1725,12506,2019
1600000US5584250,5584250,"Waukesha city, Wisconsin",29942,2609,36117,3234,51313,2085,15803,2511,23931,2979,44088,5601,12792,1289
1600000US7206593,7206593,"Bayam�n zona urbana, Puerto Rico",13812,544,15441,819,24040,2228,9892,691,12293,698,24176,1268,8287,484
1600000US7210334,7210334,"Caguas zona urbana, Puerto Rico",14881,1171,16691,1835,23291,2809,11294,1158,13202,1548,27468,5031,9274,606
1600000US7214290,7214290,"Carolina zona urbana, Puerto Rico",15141,902,16947,984,24882,2774,10209,1004,12965,1545,27024,1715,8491,537
1600000US7232522,7232522,"Guaynabo zona urbana, Puerto Rico",22189,1987,28485,5531,50142,9386,11470,4371,19428,2508,37927,8576,10837,1352
1600000US7252431,7252431,"Mayag�ez zona urbana, Puerto Rico",10600,1027,11648,1336,27702,5011,8592,1145,9631,871,18197,4065,8234,674
1600000US7263820,7263820,"Ponce zona urbana, Puerto Rico",11498,745,12450,1100,24086,3963,9047,645,10381,1158,23018,1772,7758,652
1600000US7276770,7276770,"San Juan zona urbana, Puerto Rico",15237,624,16633,651,27009,2441,9966,593,13612,905,26721,1605,8859,540
