GEO.id,GEO.id2,GEO.display-label,HD01_VD02,HD02_VD02,HD01_VD04,HD02_VD04,HD01_VD05,HD02_VD05,HD01_VD06,HD02_VD06,HD01_VD08,HD02_VD08,HD01_VD09,HD02_VD09,HD01_VD10,HD02_VD10
Id,Id2,Geography,Estimate; Median income in the past 12 months (in 2012 inflation-adjusted dollars) -- - Total (dollars):,Margin of Error; Median income in the past 12 months (in 2012 inflation-adjusted dollars) -- - Total (dollars):,Estimate; Median income in the past 12 months (in 2012 inflation-adjusted dollars) -- - Male -- - Total (dollars),Margin of Error; Median income in the past 12 months (in 2012 inflation-adjusted dollars) -- - Male -- - Total (dollars),"Estimate; Median income in the past 12 months (in 2012 inflation-adjusted dollars) -- - Male -- - Worked full-time, year-round in the past 12 months (dollars)","Margin of Error; Median income in the past 12 months (in 2012 inflation-adjusted dollars) -- - Male -- - Worked full-time, year-round in the past 12 months (dollars)",Estimate; Median income in the past 12 months (in 2012 inflation-adjusted dollars) -- - Male -- - Other (dollars),Margin of Error; Median income in the past 12 months (in 2012 inflation-adjusted dollars) -- - Male -- - Other (dollars),Estimate; Median income in the past 12 months (in 2012 inflation-adjusted dollars) -- - Female -- - Total (dollars),Margin of Error; Median income in the past 12 months (in 2012 inflation-adjusted dollars) -- - Female -- - Total (dollars),"Estimate; Median income in the past 12 months (in 2012 inflation-adjusted dollars) -- - Female -- - Worked full-time, year-round in the past 12 months (dollars)","Margin of Error; Median income in the past 12 months (in 2012 inflation-adjusted dollars) -- - Female -- - Worked full-time, year-round in the past 12 months (dollars)",Estimate; Median income in the past 12 months (in 2012 inflation-adjusted dollars) -- - Female -- - Other (dollars),Margin of Error; Median income in the past 12 months (in 2012 inflation-adjusted dollars) -- - Female -- - Other (dollars)
1600000US0107000,0107000,"Birmingham city, Alabama",18026,1186,20688,1908,37523,4339,11246,782,16385,1153,30931,1290,10455,584
1600000US0121184,0121184,"Dothan city, Alabama",21509,1335,30632,2264,47738,4413,13004,1509,16823,969,33644,3237,11138,516
1600000US0135896,0135896,"Hoover city, Alabama",38181,1968,45707,3095,60245,10245,18997,10991,30769,2330,46142,4905,18020,2901
1600000US0137000,0137000,"Huntsville city, Alabama",24696,1665,30519,3473,52233,7178,14707,3164,20352,1673,36357,4686,11703,915
1600000US0150000,0150000,"Mobile city, Alabama",19741,1306,26096,1435,42230,3569,12858,1479,16589,1044,30016,1906,11026,645
1600000US0151000,0151000,"Montgomery city, Alabama",21730,1074,27054,2524,45424,2840,13116,1368,18998,1438,34366,2490,11395,754
1600000US0177256,0177256,"Tuscaloosa city, Alabama",14115,1720,15068,2842,41140,4562,7537,1427,13514,1601,31353,1979,9607,1090
1600000US0203000,0203000,"Anchorage municipality, Alaska",32175,1178,40179,1880,60305,3810,14579,1436,26938,1105,45776,1866,13552,1328
1600000US0404720,0404720,"Avondale city, Arizona",30052,2833,31736,2301,39459,4102,13300,3659,25660,4778,37387,2630,9944,1487
1600000US0410670,0410670,"Casas Adobes CDP, Arizona",26614,1735,31500,2781,42371,7856,21370,2514,22464,2105,34717,5756,15563,2451
1600000US0412000,0412000,"Chandler city, Arizona",32868,1690,41268,2025,55446,4458,17336,1799,26415,1637,41078,1546,14085,1523
1600000US0423620,0423620,"Flagstaff city, Arizona",21632,1458,25300,2806,44077,4855,11926,1649,19332,3230,40844,3565,7603,1376
1600000US0427400,0427400,"Gilbert town, Arizona",40689,1237,50762,1800,61256,2725,22010,2261,31521,1968,46497,2368,13840,1450
1600000US0427820,0427820,"Glendale city, Arizona",25241,1000,28628,1990,38776,3257,14422,1770,21884,1716,36105,1902,11380,1074
1600000US0428380,0428380,"Goodyear city, Arizona",35542,1924,45137,5978,57310,4963,23125,5354,30166,7297,39705,4409,16800,4054
1600000US0446000,0446000,"Mesa city, Arizona",24928,920,30496,1432,46076,1794,17240,1130,19892,1241,36678,1265,12413,448
1600000US0454050,0454050,"Peoria city, Arizona",30768,1553,38068,5069,52234,6610,16134,1817,24510,2780,41261,2337,13164,979
1600000US0455000,0455000,"Phoenix city, Arizona",25560,444,28911,1005,40552,672,15166,678,22144,612,36943,701,11933,391
1600000US0464210,0464210,"San Tan Valley CDP, Arizona",29643,3068,36690,3782,43215,5520,18230,3485,21310,2900,38274,4424,10783,1691
1600000US0465000,0465000,"Scottsdale city, Arizona",40406,1629,51233,2718,71184,8162,26194,2231,31081,1537,46430,2071,19466,2409
1600000US0471510,0471510,"Surprise city, Arizona",30339,1357,39645,4614,51682,2811,27129,2346,22382,2721,36145,1343,15937,1271
1600000US0473000,0473000,"Tempe city, Arizona",24336,2256,26553,1747,40288,2818,13918,3132,20580,2226,38971,2124,9342,1123
1600000US0477000,0477000,"Tucson city, Arizona",20367,577,22046,756,37078,2361,12432,775,17669,1196,31704,823,10730,400
1600000US0485540,0485540,"Yuma city, Arizona",21889,1407,26607,3645,36126,3441,15827,2982,15604,1455,31485,1281,9669,886
1600000US0523290,0523290,"Fayetteville city, Arkansas",22503,3116,27374,4154,42416,5430,12022,1888,18930,2395,40535,7656,9668,1125
1600000US0524550,0524550,"Fort Smith city, Arkansas",21655,1294,26175,1967,35798,2335,16392,1418,16957,1809,28414,3255,10419,1139
1600000US0535710,0535710,"Jonesboro city, Arkansas",22588,1817,27786,2193,43685,5173,12732,3955,17693,2121,31347,3074,11693,1188
1600000US0541000,0541000,"Little Rock city, Arkansas",26453,1588,28680,2857,46453,4231,13422,2314,24735,2047,39211,2287,13534,1348
1600000US0566080,0566080,"Springdale city, Arkansas",22757,2195,26917,1752,33002,4086,12487,2270,16838,3638,29119,5614,10038,882
1600000US0600562,0600562,"Alameda city, California",41786,2492,47179,5533,60791,11980,22454,7656,40537,3114,54332,4330,17715,3644
1600000US0600884,0600884,"Alhambra city, California",25119,2677,28479,6019,47381,6911,13139,1707,22703,2734,39152,2371,11451,702
1600000US0602000,0602000,"Anaheim city, California",23368,1224,27320,1670,40732,1568,14371,2120,19516,1506,36521,1479,11457,459
1600000US0602252,0602252,"Antioch city, California",26807,2631,33706,6994,55679,8509,14590,4305,23040,2814,44445,6665,14580,2191
1600000US0602364,0602364,"Apple Valley town, California",17807,1956,19554,5375,48255,16482,12064,2116,17268,1892,27275,12300,11776,1037
1600000US0602553,0602553,"Arden-Arcade CDP, California",25061,3377,30737,3325,55344,9071,16704,2188,21151,2254,50109,8106,11942,888
1600000US0603526,0603526,"Bakersfield city, California",22242,900,31385,1316,50775,1731,14651,1539,16783,900,34606,2662,10867,422
1600000US0603666,0603666,"Baldwin Park city, California",17823,1557,24231,4415,36016,1562,12678,1576,12856,2114,35432,4818,9069,1428
1600000US0604982,0604982,"Bellflower city, California",23847,2514,26867,4105,41024,5582,12313,1615,20335,2519,37493,6416,10145,914
1600000US0606000,0606000,"Berkeley city, California",32466,3100,38599,3996,70996,8406,22387,3207,29491,3483,60216,8810,20359,3432
1600000US0608786,0608786,"Buena Park city, California",25264,2775,27403,6679,50714,6037,13346,3438,22243,2242,44716,3914,11492,1314
1600000US0608954,0608954,"Burbank city, California",32126,1989,41175,2374,57668,7814,15838,3661,25370,2476,49550,7567,12090,1383
1600000US0610046,0610046,"Camarillo city, California",33647,5726,46980,6888,76963,11380,19788,5160,27260,3417,46957,6253,16742,1819
1600000US0611194,0611194,"Carlsbad city, California",38421,3747,50069,5286,76711,13052,22926,3594,32160,3308,58271,13638,18602,2424
1600000US0611530,0611530,"Carson city, California",23718,2684,27159,5224,44970,3841,14607,1661,21476,1766,41985,3802,11928,952
1600000US0613014,0613014,"Chico city, California",19415,1779,23405,2379,36812,9129,12067,1808,16683,2490,34141,4078,12193,1217
1600000US0613210,0613210,"Chino city, California",27176,2227,35815,3907,54786,6464,14373,1784,19491,2741,36393,6956,11743,1134
1600000US0613214,0613214,"Chino Hills city, California",34016,5536,47214,4669,69675,7752,17836,6743,25913,6262,49879,8672,12523,3909
1600000US0613392,0613392,"Chula Vista city, California",28929,3568,36777,2778,51932,3768,16063,1799,21653,1197,44887,5212,11852,700
1600000US0613588,0613588,"Citrus Heights city, California",24756,2067,30606,3253,45833,5290,19672,2620,21035,1918,42183,3750,13937,1235
1600000US0614218,0614218,"Clovis city, California",27884,3030,34335,6403,51759,4487,15450,1993,23839,3446,44778,6176,11961,951
1600000US0615044,0615044,"Compton city, California",17496,1229,19568,1598,29532,4222,11487,1328,15696,1363,29201,3212,10403,746
1600000US0616000,0616000,"Concord city, California",30752,1589,36203,4284,53895,6663,17742,5012,27080,2177,46647,6148,18703,2351
1600000US0616350,0616350,"Corona city, California",31553,1704,37209,4821,51454,4892,16427,2810,26263,2170,44115,5326,12354,1450
1600000US0616532,0616532,"Costa Mesa city, California",31223,2490,32484,4958,51377,6943,15591,3107,27430,4117,48613,4732,15020,2030
1600000US0617918,0617918,"Daly City city, California",30484,2150,32949,4478,45036,4948,13446,4010,26084,3506,42069,2571,15275,3289
1600000US0618100,0618100,"Davis city, California",19683,1993,21570,5627,71018,16496,9721,2393,18251,2545,55563,18282,10682,1361
1600000US0619766,0619766,"Downey city, California",27094,2935,31914,3603,42405,5220,17255,4432,21395,2580,38815,6518,11302,1199
1600000US0620802,0620802,"East Los Angeles CDP, California",16342,1127,20559,1280,26347,1831,11196,1011,12160,689,21488,1744,9349,603
1600000US0621712,0621712,"El Cajon city, California",21274,1861,25247,2092,40265,7357,13836,2132,18738,2088,38871,7712,12435,1509
1600000US0622020,0622020,"Elk Grove city, California",36211,4006,43045,4873,60822,2141,16824,2435,30177,4505,51080,2057,12489,1779
1600000US0622230,0622230,"El Monte city, California",19133,1587,20991,1086,31279,2117,12310,1005,15678,1864,27017,4210,10083,531
1600000US0622804,0622804,"Escondido city, California",23478,1592,27649,1574,35723,2945,16004,2532,19718,1606,35005,4268,12236,1230
1600000US0623182,0623182,"Fairfield city, California",27069,3469,37117,6227,52488,6707,17045,4124,19073,2045,48316,4942,11340,741
1600000US0624477,0624477,"Florence-Graham CDP, California",14829,1264,17455,2430,23269,3622,10541,1482,11678,1257,24187,2447,8235,917
1600000US0624638,0624638,"Folsom city, California",43274,6472,56918,9439,85669,8641,21622,7782,31566,4546,63174,6000,16308,5113
1600000US0624680,0624680,"Fontana city, California",24239,2265,30712,1432,45103,5582,12146,1257,18588,2134,36282,2863,10448,910
1600000US0626000,0626000,"Fremont city, California",41863,1572,54574,7075,84109,6941,20187,2365,31510,2681,60720,5685,14788,1855
1600000US0627000,0627000,"Fresno city, California",19420,819,21675,850,37975,3405,12048,515,16725,802,35482,2407,10868,374
1600000US0628000,0628000,"Fullerton city, California",26349,1937,32200,4251,49756,3439,17137,3039,20626,2385,40792,3811,12668,1246
1600000US0629000,0629000,"Garden Grove city, California",22010,1192,26953,2283,41197,1883,11352,980,18472,1452,36454,3216,11329,501
1600000US0630000,0630000,"Glendale city, California",22720,1748,28852,4291,49161,4523,12293,1106,17453,2750,46387,3882,11366,408
1600000US0632548,0632548,"Hawthorne city, California",23189,1977,24936,2169,37849,4723,14962,3748,21209,2288,31765,2787,11182,648
1600000US0633000,0633000,"Hayward city, California",27874,2955,34168,2803,50033,3363,16030,2247,21866,1575,44016,5521,12335,1332
1600000US0633182,0633182,"Hemet city, California",18316,1720,21593,1937,43139,7073,16011,1797,15505,1396,32258,8483,11747,544
1600000US0633434,0633434,"Hesperia city, California",18415,2706,26561,2854,45822,7230,14738,2628,13585,1924,47643,9850,11122,906
1600000US0636000,0636000,"Huntington Beach city, California",37376,2478,47105,3736,67162,5988,21595,1380,30046,2577,51567,2730,16470,1410
1600000US0636448,0636448,"Indio city, California",20888,1295,24507,3470,35303,5230,15579,2867,16784,2544,40153,7172,10066,1365
1600000US0636546,0636546,"Inglewood city, California",22249,1411,21890,1743,31735,1725,13387,1856,22723,2159,36992,3520,12353,1478
1600000US0636770,0636770,"Irvine city, California",46715,3072,66403,7614,90566,7636,18459,4033,34253,4877,60897,6554,14730,2329
1600000US0637692,0637692,"Jurupa Valley city, California",21093,1693,25255,3269,40645,4301,13978,2248,17531,1629,36238,5918,11190,1486
1600000US0639496,0639496,"Lake Forest city, California",40130,6463,46524,6316,65895,9932,14202,4225,31872,2691,51989,5996,14403,2297
1600000US0639892,0639892,"Lakewood city, California",32697,4870,40705,3341,60571,4082,16727,4111,29293,2876,49990,5791,14033,3003
1600000US0640130,0640130,"Lancaster city, California",25887,2016,30927,2057,44637,4055,11948,569,23045,1670,35050,2904,11191,607
1600000US0641992,0641992,"Livermore city, California",41223,4473,49881,8643,80476,11461,23365,6189,28069,7308,52093,3849,14255,2878
1600000US0643000,0643000,"Long Beach city, California",23122,1375,26718,1505,45406,2569,13106,1021,21034,1006,40887,1513,11993,429
1600000US0644000,0644000,"Los Angeles city, California",22197,235,25183,352,39770,1013,13560,388,19648,458,38595,1334,11397,125
1600000US0644574,0644574,"Lynwood city, California",17798,1828,23300,2692,31764,2233,11477,1358,13556,1417,28169,2953,8637,1150
1600000US0645484,0645484,"Manteca city, California",25906,2552,32925,4168,48425,5352,19233,3778,16411,2724,40431,4476,10975,997
1600000US0646842,0646842,"Menifee city, California",24164,2119,30699,4970,45636,6544,19378,2606,18737,2453,42608,9907,13106,1239
1600000US0646898,0646898,"Merced city, California",20363,1880,22340,2309,41035,4673,12125,1460,16081,1648,37218,8686,10199,1296
1600000US0647766,0647766,"Milpitas city, California",37038,3847,48810,8585,69633,9758,15195,4039,27801,5941,59468,9082,11211,1088
1600000US0648256,0648256,"Mission Viejo city, California",42234,5313,61194,6493,81814,9539,23061,6618,30541,3679,62508,10320,15217,3536
1600000US0648354,0648354,"Modesto city, California",21435,1063,26701,1821,42625,2964,15256,1567,17181,1880,37925,3271,11520,631
1600000US0649270,0649270,"Moreno Valley city, California",21734,932,25497,1646,37198,5271,12487,1847,18959,2234,35417,3267,10365,1066
1600000US0649670,0649670,"Mountain View city, California",50376,7467,61539,13262,97550,14462,20447,3230,39708,8924,73710,11369,14318,2456
1600000US0650076,0650076,"Murrieta city, California",32476,3837,45180,6879,61872,4875,19742,5945,22699,3858,42190,9332,13296,3442
1600000US0650258,0650258,"Napa city, California",29043,2040,31961,1696,50843,3925,16760,1477,23986,2989,45514,8113,15417,1914
1600000US0651182,0651182,"Newport Beach city, California",54486,5861,81500,10985,102263,25968,34017,5946,34268,5997,57216,9145,22310,2729
1600000US0652526,0652526,"Norwalk city, California",23009,1129,25242,2302,40640,2181,12604,1826,19068,2470,37343,2574,10760,804
1600000US0653000,0653000,"Oakland city, California",26931,1330,30348,1232,51094,1908,15712,1358,23758,1442,50050,3585,13072,1003
1600000US0653322,0653322,"Oceanside city, California",26764,1819,31541,2344,47139,4456,18643,2751,21046,2049,36463,3359,14683,1414
1600000US0653896,0653896,"Ontario city, California",22056,1057,24737,1501,35722,4298,13656,914,19237,2107,29955,4148,10771,961
1600000US0653980,0653980,"Orange city, California",30547,2514,35136,4914,51697,5071,19817,3864,25057,3026,50357,4279,11837,1292
1600000US0654652,0654652,"Oxnard city, California",21226,713,23491,1776,35021,3568,15319,1244,17570,1587,31829,2954,11146,612
1600000US0655156,0655156,"Palmdale city, California",22375,1506,27425,3220,47435,4883,14213,2050,16073,1793,36349,4415,10601,766
1600000US0655282,0655282,"Palo Alto city, California",66257,8945,97786,17178,123075,15352,26498,10051,49074,6704,99067,17361,24067,3696
1600000US0656000,0656000,"Pasadena city, California",32437,3318,38301,3870,60658,4638,16455,3216,30018,2830,55744,6808,15175,2012
1600000US0656700,0656700,"Perris city, California",18950,1724,23548,3434,32195,6924,12063,1489,14715,2767,28892,2569,10199,1755
1600000US0657456,0657456,"Pittsburg city, California",23275,2307,28595,5300,50673,2606,12665,1869,20291,3188,47433,3510,12011,1773
1600000US0657792,0657792,"Pleasanton city, California",52523,7039,80438,10691,101585,3108,34985,4715,33647,3979,80164,6353,17710,2970
1600000US0658072,0658072,"Pomona city, California",18939,1387,22444,1711,35495,2811,13079,1615,14659,1612,29606,2895,9826,890
1600000US0659444,0659444,"Rancho Cordova city, California",24027,2473,26085,3405,45441,5608,12346,2905,22527,2745,43436,5027,11928,1093
1600000US0659451,0659451,"Rancho Cucamonga city, California",31463,2158,41062,5204,65805,5851,15916,3629,23360,4830,46629,3878,11559,952
1600000US0659920,0659920,"Redding city, California",20996,1366,26909,3031,50851,5615,17781,2170,17606,1703,36625,3843,11997,742
1600000US0659962,0659962,"Redlands city, California",33278,6419,44019,8429,61376,1789,18309,5631,25838,2855,53782,8772,13573,3065
1600000US0660018,0660018,"Redondo Beach city, California",55900,5770,78262,6614,94614,13760,27673,12135,36148,5086,71809,11025,14410,2695
1600000US0660102,0660102,"Redwood City city, California",34689,3567,39213,6186,58368,10204,20581,2926,31051,2769,59600,6937,16663,2110
1600000US0660466,0660466,"Rialto city, California",20081,1456,23620,3140,40077,5306,11791,1417,16450,1106,30224,5699,10800,1010
1600000US0660620,0660620,"Richmond city, California",28428,2612,30323,2313,42010,4156,14564,2048,25753,3252,46043,4785,13581,1710
1600000US0662000,0662000,"Riverside city, California",22042,932,25934,1860,41868,1722,13586,1493,17539,1794,38591,4105,10751,637
1600000US0662938,0662938,"Roseville city, California",34804,3292,42427,6143,62298,6513,22272,4482,26212,3391,56200,6262,16186,1547
1600000US0664000,0664000,"Sacramento city, California",24372,1156,27227,1562,45882,2595,12712,1530,21819,933,42619,2800,11850,397
1600000US0664224,0664224,"Salinas city, California",19811,925,21640,1268,32001,2445,13977,1877,17785,1434,28547,3636,11756,687
1600000US0665000,0665000,"San Bernardino city, California",16075,1027,19381,2618,34879,5168,11014,680,13755,1433,32295,2985,9957,673
1600000US0665042,0665042,"San Buenaventura (Ventura) city, California",30739,1826,35763,4254,54755,9626,18048,4315,25170,3118,42914,3794,15678,2073
1600000US0666000,0666000,"San Diego city, California",30372,551,35894,978,52055,891,17245,868,24762,957,43114,1944,12333,342
1600000US0667000,0667000,"San Francisco city, California",36058,1074,41548,921,70297,5495,14878,1131,30261,1708,60673,1379,13125,892
1600000US0668000,0668000,"San Jose city, California",31569,667,38088,2135,62155,2793,15491,943,24534,1451,53708,2947,11904,418
1600000US0668084,0668084,"San Leandro city, California",30321,2734,32340,2545,46934,5171,21036,3421,26371,3366,47004,5760,12356,2480
1600000US0668196,0668196,"San Marcos city, California",26415,3057,31856,3128,51086,15153,18098,1778,20115,2377,42250,11915,12317,2587
1600000US0668252,0668252,"San Mateo city, California",35831,2558,40113,7291,57828,8457,18117,3465,31599,5798,51945,6847,14838,3613
1600000US0668378,0668378,"San Ramon city, California",61780,3035,100017,5897,104872,15716,23597,9921,42017,10631,69145,14947,19947,4670
1600000US0669000,0669000,"Santa Ana city, California",19396,637,22094,686,28833,2032,12266,640,15896,722,25470,1582,9609,618
1600000US0669070,0669070,"Santa Barbara city, California",27859,3504,31031,3144,58157,11099,17101,3158,24338,3757,42356,11461,15487,1771
1600000US0669084,0669084,"Santa Clara city, California",38965,6334,60131,8962,91770,6378,17356,4577,26145,4114,56952,5766,15248,2339
1600000US0669088,0669088,"Santa Clarita city, California",33378,3281,45042,5394,67145,6604,20950,1989,25250,2919,51366,3181,12978,1437
1600000US0669196,0669196,"Santa Maria city, California",17983,1438,21093,1324,29004,3665,13017,1832,14414,1843,25275,3556,10632,597
1600000US0670000,0670000,"Santa Monica city, California",41971,5202,51140,5322,80976,12872,21252,4920,35327,6368,62292,5565,18453,5086
1600000US0670098,0670098,"Santa Rosa city, California",27222,1871,30300,2578,46347,6998,20137,2705,24317,2088,42472,4271,15518,1314
1600000US0672016,0672016,"Simi Valley city, California",37305,3175,46493,6368,70103,6522,16354,2187,30952,3547,50930,2222,16935,2839
1600000US0673080,0673080,"South Gate city, California",18247,1761,23255,3122,32315,3135,11217,1332,12713,1719,30231,3134,9105,711
1600000US0673262,0673262,"South San Francisco city, California",35469,3929,40240,3178,47797,5263,21672,2759,26679,3552,53464,8001,13880,2843
1600000US0675000,0675000,"Stockton city, California",20282,850,24672,2356,42126,1838,12302,761,16903,1225,39105,3214,10920,519
1600000US0677000,0677000,"Sunnyvale city, California",50132,4497,65936,9903,93161,8864,18569,3497,38874,5801,62089,3761,18497,3708
1600000US0678120,0678120,"Temecula city, California",31835,3015,43573,4784,63985,5207,20456,3373,22227,3405,41480,4112,11371,957
1600000US0678582,0678582,"Thousand Oaks city, California",34392,3079,49915,6813,86382,12580,18688,3754,22295,2569,52030,5854,13431,1450
1600000US0680000,0680000,"Torrance city, California",35869,1731,44439,4827,61307,3533,19620,2245,29425,4180,51811,3767,15218,1769
1600000US0680238,0680238,"Tracy city, California",27178,3169,38933,9033,55774,7140,16761,4767,18763,4331,41626,8813,12432,1396
1600000US0680812,0680812,"Turlock city, California",22833,2147,32719,5938,55243,9677,16062,4200,16507,2233,36453,3289,11234,1112
1600000US0680854,0680854,"Tustin city, California",29492,4013,34414,5407,45625,9382,17993,5326,26099,3828,41130,7809,13717,2491
1600000US0681204,0681204,"Union City city, California",31275,2772,37648,4773,52435,7144,12485,2861,23464,3684,52421,10264,11531,1557
1600000US0681344,0681344,"Upland city, California",28766,2773,36033,5425,60056,11364,14873,3058,22658,2797,36667,5641,13438,2036
1600000US0681554,0681554,"Vacaville city, California",35506,3746,42010,3915,66406,8385,17630,7114,28062,4840,45882,5384,13964,2160
1600000US0681666,0681666,"Vallejo city, California",23902,1658,27467,4791,46454,5655,15240,3094,21449,2906,47721,3173,12246,1006
1600000US0682590,0682590,"Victorville city, California",21918,2336,27489,5169,50587,12181,11718,3597,18130,3447,38579,3740,10305,1952
1600000US0682954,0682954,"Visalia city, California",22949,2648,27226,5128,50521,4784,13002,1825,20138,2957,41174,1955,11159,910
1600000US0682996,0682996,"Vista city, California",24863,1661,27167,2042,34038,2143,18547,910,21454,1486,29825,2817,15392,1896
1600000US0683346,0683346,"Walnut Creek city, California",43431,5145,64607,7594,92106,13172,31671,5292,27912,3175,57631,7189,20393,2168
1600000US0684200,0684200,"West Covina city, California",22854,2572,27100,4152,48833,4172,12398,1748,20390,2084,40795,1821,11214,549
1600000US0684550,0684550,"Westminster city, California",20756,1709,25743,1559,40242,5350,13581,2181,15773,1137,39813,4228,10688,1133
1600000US0685292,0685292,"Whittier city, California",27086,3251,31657,2017,48159,7984,13197,1586,23374,2985,50633,5139,12497,1395
1600000US0686832,0686832,"Yorba Linda city, California",43008,4199,57399,9665,84851,11095,24359,5686,32446,4367,52372,11129,18951,2544
1600000US0686972,0686972,"Yuba City city, California",22188,2048,28397,3849,43894,4023,13401,2877,16862,3342,42477,9177,10830,981
1600000US0803455,0803455,"Arvada city, Colorado",33364,2450,43076,3252,57281,4340,21315,2073,26668,1950,43636,5792,15388,2473
1600000US0804000,0804000,"Aurora city, Colorado",26931,722,30093,1438,41951,1376,15964,1403,24931,1504,40732,1279,12583,1053
1600000US0807850,0807850,"Boulder city, Colorado",22119,2183,29669,5702,67836,7562,11079,1048,18001,2901,46061,4989,9862,1815
1600000US0812815,0812815,"Centennial city, Colorado",40909,1997,50744,3222,72077,4750,22651,2795,32097,2851,56250,4762,16175,2271
1600000US0816000,0816000,"Colorado Springs city, Colorado",26846,710,34135,1902,50470,1523,17111,892,21685,916,38191,1649,11697,607
1600000US0820000,0820000,"Denver city, Colorado",30160,917,32198,1295,50430,1466,14221,887,26861,974,43638,3469,13495,863
1600000US0827425,0827425,"Fort Collins city, Colorado",21459,934,27034,3915,50621,4419,13851,1602,17286,1487,40615,3035,10343,733
1600000US0832155,0832155,"Greeley city, Colorado",21355,1230,26161,1954,43506,6500,12048,2432,16432,2039,35863,3308,10544,1084
1600000US0836410,0836410,"Highlands Ranch CDP, Colorado",46779,3048,64770,9737,83904,6472,26409,3918,35379,4542,53960,4294,14537,3167
1600000US0843000,0843000,"Lakewood city, Colorado",30462,1465,34972,4509,50448,3648,17099,2146,26127,2606,43378,3418,14348,1463
1600000US0845970,0845970,"Longmont city, Colorado",27464,2969,32454,3569,50107,5512,14530,2237,21973,1999,43199,6435,13363,2180
1600000US0846465,0846465,"Loveland city, Colorado",29077,3878,34567,4281,52466,4564,19371,5124,23860,2584,38048,2228,14288,2994
1600000US0862000,0862000,"Pueblo city, Colorado",19148,1607,24815,2015,40162,3695,14156,1771,15163,1548,31515,1494,10141,828
1600000US0877290,0877290,"Thornton city, Colorado",31137,1108,35762,2433,45667,6486,19093,3309,25568,2323,38351,3830,14145,1614
1600000US0883835,0883835,"Westminster city, Colorado",33045,2500,38405,2665,51104,2550,17243,3718,28013,3441,47317,3657,12859,2261
1600000US0908000,0908000,"Bridgeport city, Connecticut",21304,973,22568,1593,33970,5091,14268,1617,18900,1431,33523,3465,12090,776
1600000US0918430,0918430,"Danbury city, Connecticut",26701,2799,35525,3969,50005,5024,14697,3560,21932,1645,37060,5586,11605,1028
1600000US0937000,0937000,"Hartford city, Connecticut",17048,1221,19488,2508,38640,3971,9828,1038,15732,1157,32565,2503,10106,844
1600000US0950370,0950370,"New Britain city, Connecticut",20815,1632,26201,3918,41588,2787,11944,1494,17705,2083,34285,2849,11142,791
1600000US0952000,0952000,"New Haven city, Connecticut",21898,1358,24041,2649,45476,4948,11997,876,20696,1405,41959,2825,11673,714
1600000US0955990,0955990,"Norwalk city, Connecticut",34881,4059,41535,6828,62406,8242,21088,3141,27377,3295,54138,5827,15791,1680
1600000US0973000,0973000,"Stamford city, Connecticut",38050,3050,42045,3784,65775,7870,20973,4729,31247,5225,56589,4896,16715,1795
1600000US0980000,0980000,"Waterbury city, Connecticut",23202,1827,26647,2060,45794,4840,13350,1437,19788,1727,34910,2735,13766,1105
1600000US1077580,1077580,"Wilmington city, Delaware",23576,2515,26748,5972,45859,3419,16842,2177,20159,3793,40177,2634,10594,899
1600000US1150000,1150000,"Washington city, District of Columbia",38014,1708,41753,1080,67958,3915,13053,1334,35249,2183,60995,1214,13051,942
1600000US1200410,1200410,"Alafaya CDP, Florida",22306,4949,27390,14182,44940,6620,17447,3583,20375,4196,48112,10803,10630,2032
1600000US1207300,1207300,"Boca Raton city, Florida",31196,2616,47582,7903,71393,6729,25317,6000,22792,4062,46642,8834,15075,3448
1600000US1207875,1207875,"Boynton Beach city, Florida",25667,1580,27083,2752,42258,6388,20713,2011,22128,2591,36051,3535,14520,2046
1600000US1208150,1208150,"Brandon CDP, Florida",29492,3166,31849,3262,45135,3739,15370,2976,26694,3068,41250,1958,11660,1404
1600000US1210275,1210275,"Cape Coral city, Florida",24576,1534,30386,2128,41991,4495,19503,1885,20286,2392,34372,3170,12029,791
1600000US1212875,1212875,"Clearwater city, Florida",26614,1607,31050,2663,49006,6244,17147,2003,23219,1956,35436,3173,15426,1365
1600000US1214400,1214400,"Coral Springs city, Florida",30017,2545,37125,3950,57111,6830,13918,5243,22728,4009,39479,5547,11926,1287
1600000US1216475,1216475,"Davie town, Florida",27293,2356,34390,4070,47212,7313,12465,1853,21217,4649,38889,3197,11771,1335
1600000US1216725,1216725,"Deerfield Beach city, Florida",24309,3244,26223,2684,39440,4357,15168,2157,22011,2045,37335,3266,12058,1239
1600000US1217200,1217200,"Deltona city, Florida",22258,1356,23503,2317,33114,3234,14998,2584,21285,1847,31858,3653,11549,887
1600000US1224000,1224000,"Fort Lauderdale city, Florida",27783,3128,31449,3283,44668,5199,16418,3774,23921,2538,41812,2136,13116,1479
1600000US1224125,1224125,"Fort Myers city, Florida",22286,1695,23548,2528,32020,6815,17122,3180,20848,3176,29164,3345,15459,1869
1600000US1225175,1225175,"Gainesville city, Florida",15385,2127,16235,2717,37203,9456,9301,1486,14660,2350,32006,5546,9021,1281
1600000US1230000,1230000,"Hialeah city, Florida",14392,770,17120,965,27311,2412,9562,460,11711,574,23726,1734,8365,328
1600000US1232000,1232000,"Hollywood city, Florida",23210,2488,26949,2861,40462,1962,15111,2288,19768,1455,37433,4811,12407,1113
1600000US1235000,1235000,"Jacksonville city, Florida",24480,984,28822,1922,42318,1900,15213,879,20937,695,36365,1219,11904,414
1600000US1236100,1236100,"Kendall CDP, Florida",30945,2606,34623,5736,47228,7875,19121,4298,26577,2367,40989,3940,13766,2705
1600000US1238250,1238250,"Lakeland city, Florida",24308,1983,30256,2673,41756,5266,18977,2552,19346,2024,36405,1414,12283,1085
1600000US1239425,1239425,"Largo city, Florida",23906,1692,27552,2885,38128,4400,20279,2058,21259,1287,33644,4653,14749,1310
1600000US1239550,1239550,"Lauderhill city, Florida",20685,1491,20960,3446,36569,4675,12609,2244,20561,1491,28570,3544,11736,1005
1600000US1239925,1239925,"Lehigh Acres CDP, Florida",19183,2362,20794,1871,31953,2973,14947,2179,16524,1645,28299,2493,11316,846
1600000US1243975,1243975,"Melbourne city, Florida",21503,1435,26781,4421,49682,12396,17451,3142,16789,1768,33374,2840,12273,1095
1600000US1245000,1245000,"Miami city, Florida",16203,531,18784,1869,31722,826,10205,691,14193,899,27905,3266,9297,346
1600000US1245025,1245025,"Miami Beach city, Florida",27135,2957,31262,3154,47018,9017,16082,3722,23511,2621,37924,5956,13084,1897
1600000US1245060,1245060,"Miami Gardens city, Florida",17135,2035,18491,2874,30353,5624,10665,923,16398,1601,32263,2699,9692,1044
1600000US1245975,1245975,"Miramar city, Florida",29487,3252,32135,3612,45782,5746,10928,1795,26233,3961,40384,3961,11226,1820
1600000US1253000,1253000,"Orlando city, Florida",25350,1026,29061,2109,42917,3892,14201,1109,22240,1247,36171,1230,12351,782
1600000US1254000,1254000,"Palm Bay city, Florida",21441,2529,27336,2673,41037,3359,19178,3871,16061,1871,32594,3999,12052,962
1600000US1254200,1254200,"Palm Coast city, Florida",21107,1748,27119,3311,40754,4587,18674,2494,17420,2204,33440,4639,12180,2792
1600000US1255775,1255775,"Pembroke Pines city, Florida",30661,1850,36030,2770,54313,2976,12994,1725,25924,2962,45782,2143,11830,1341
1600000US1256825,1256825,"Pine Hills CDP, Florida",18374,2676,19477,3173,30689,3607,11405,1008,17486,2965,28097,4026,10210,1449
1600000US1257425,1257425,"Plantation city, Florida",31528,1866,38432,3235,60579,4891,13118,3764,26619,2998,46086,3678,13027,2269
1600000US1258050,1258050,"Pompano Beach city, Florida",21911,1541,23981,1664,36368,5035,14970,1524,18625,2659,31009,1365,11789,836
1600000US1258715,1258715,"Port St. Lucie city, Florida",24296,2437,27154,3576,40481,6505,16597,2286,21104,1733,38169,4968,13182,1685
1600000US1260950,1260950,"Riverview CDP, Florida",30301,3424,35916,3163,48625,7493,17367,6004,25229,2645,36471,2270,12276,2029
1600000US1263000,1263000,"St. Petersburg city, Florida",25521,1095,29141,2485,41966,1453,14689,1292,21892,1456,36500,1383,12325,803
1600000US1268350,1268350,"Spring Hill CDP, Florida",19692,1266,23833,1496,40169,3767,18696,1815,14475,1324,32276,3032,11361,900
1600000US1269700,1269700,"Sunrise city, Florida",26034,2312,30752,2328,42068,6162,15584,2244,22207,2470,35282,2616,12234,1434
1600000US1270600,1270600,"Tallahassee city, Florida",17402,1236,20894,2065,41529,2348,9486,1207,15336,1462,39172,3650,9470,893
1600000US1271000,1271000,"Tampa city, Florida",23934,1482,29235,3063,46628,4057,11553,634,20780,1143,35095,2373,10820,580
1600000US1272145,1272145,"Town 'n' Country CDP, Florida",22834,3420,25470,4157,40294,4188,11597,3042,21164,2780,37824,4091,11790,1643
1600000US1276582,1276582,"Weston city, Florida",40909,6955,52877,8536,84048,24007,19533,4589,25795,7090,50594,13018,12105,3253
1600000US1276600,1276600,"West Palm Beach city, Florida",25446,1994,30306,5532,44779,11641,14800,2443,22071,2361,37372,4130,13104,1878
1600000US1301052,1301052,"Albany city, Georgia",16979,2017,21901,3639,37177,4994,9522,1155,14276,1816,30712,1410,10267,1116
1600000US1303440,1303440,"Athens-Clarke County unified government (balance), Georgia",15970,1216,17787,3267,35262,4499,8992,1905,14331,2121,31264,2364,7637,951
1600000US1304000,1304000,"Atlanta city, Georgia",25355,1640,30396,2097,56608,3477,11951,925,21108,1123,44743,2363,10428,539
1600000US1304204,1304204,"Augusta-Richmond County consolidated government (balance), Georgia",20502,1330,25021,2315,40324,3793,12962,1236,16660,1344,29734,3416,10408,659
1600000US1319000,1319000,"Columbus city, Georgia",22227,893,26127,1972,41344,3093,12575,1131,20740,965,32312,2209,11295,892
1600000US1342425,1342425,"Johns Creek city, Georgia",43922,8130,68167,22344,93120,8676,12113,6850,30497,7123,61384,4232,9950,4816
1600000US1349000,1349000,"Macon city, Georgia",15169,1112,18942,2072,30955,3478,11765,1585,12509,1173,26492,2067,9439,674
1600000US1367284,1367284,"Roswell city, Georgia",34197,6087,38254,12743,61780,13371,19015,5073,29404,8346,54906,12058,13262,2290
1600000US1368516,1368516,"Sandy Springs city, Georgia",37788,4056,48306,6716,56851,9736,21610,3365,30740,5669,50528,5239,14404,3586
1600000US1369000,1369000,"Savannah city, Georgia",18421,1780,22559,2588,34695,2873,12261,1246,16013,995,26754,2021,10402,887
1600000US1380508,1380508,"Warner Robins city, Georgia",20284,3473,32135,6743,49189,8547,12975,2896,16379,1656,35446,8494,11402,2341
1600000US1571550,1571550,"Urban Honolulu CDP, Hawaii",29450,1463,35009,2202,47896,2189,19063,1551,24804,1217,40671,1094,13859,909
1600000US1608830,1608830,"Boise City city, Idaho",25784,1320,29622,2103,43655,5365,15458,1318,21954,1450,36537,2468,12487,1107
1600000US1652120,1652120,"Meridian city, Idaho",31663,3608,45072,8926,50913,5649,23813,4684,24061,5662,35240,5541,13863,3042
1600000US1656260,1656260,"Nampa city, Idaho",19314,2394,23220,3441,32162,3494,13612,3169,15689,2312,27350,3383,10107,2228
1600000US1702154,1702154,"Arlington Heights village, Illinois",36212,4377,46805,6790,69245,9978,24282,4505,26766,3177,52157,4682,19276,2276
1600000US1703012,1703012,"Aurora city, Illinois",25831,1887,31104,1092,46748,4857,15353,1483,21256,1155,36139,3670,12082,1155
1600000US1706613,1706613,"Bloomington city, Illinois",30746,1955,41553,1751,61137,7971,14858,4304,23558,1574,36866,8003,16927,2263
1600000US1707133,1707133,"Bolingbrook village, Illinois",31356,2736,36907,4517,55444,11039,12474,6092,25341,2150,42157,4596,11659,1210
1600000US1712385,1712385,"Champaign city, Illinois",22423,3875,25215,4504,48548,10662,9605,2155,20141,3375,39442,2996,9692,2215
1600000US1714000,1714000,"Chicago city, Illinois",25158,363,28609,1115,47084,1127,12500,423,21702,385,42466,1079,11181,232
1600000US1714351,1714351,"Cicero town, Illinois",20748,1214,23789,3981,34187,3549,11827,2151,16772,1542,26897,1397,10549,992
1600000US1718823,1718823,"Decatur city, Illinois",20973,1603,29628,4418,47249,4613,16126,3902,16516,1138,31864,2363,11984,894
1600000US1723074,1723074,"Elgin city, Illinois",25366,2013,30153,3516,42449,4047,14349,3101,20795,1228,36731,2374,12545,1536
1600000US1724582,1724582,"Evanston city, Illinois",30515,3986,36694,10671,71807,7103,12807,3586,27309,3649,51486,3402,12352,3380
1600000US1738570,1738570,"Joliet city, Illinois",28417,2581,35287,3069,51510,1943,15811,2816,22324,1589,41024,2472,11136,971
1600000US1751622,1751622,"Naperville city, Illinois",43952,4229,67131,8887,95698,7112,23747,3447,28414,4436,60213,6642,11861,1273
1600000US1757225,1757225,"Palatine village, Illinois",36579,2856,47269,8165,64102,9643,20760,3062,24983,4582,51477,4125,12079,1390
1600000US1759000,1759000,"Peoria city, Illinois",22463,1498,30340,3927,52376,4633,12391,1603,18432,2183,31520,2155,10800,960
1600000US1765000,1765000,"Rockford city, Illinois",21556,1250,26857,2337,40773,2335,13960,1253,17671,1406,36451,1660,11625,810
1600000US1768003,1768003,"Schaumburg village, Illinois",38760,3611,47500,7541,60819,3375,16672,4257,29010,4321,50431,3449,14915,2312
1600000US1770122,1770122,"Skokie village, Illinois",28750,3737,35081,6311,50892,5207,14484,5156,22998,5828,44286,6766,9859,1619
1600000US1772000,1772000,"Springfield city, Illinois",28179,2507,33173,4018,50612,5539,14915,2466,24800,2817,40357,2417,13177,1534
1600000US1779293,1779293,"Waukegan city, Illinois",20339,1725,20688,2233,36918,3202,13216,2339,19886,2389,28024,4263,11013,1322
1600000US1805860,1805860,"Bloomington city, Indiana",11720,1044,12717,2526,44830,8319,6694,846,10845,1494,26586,3794,6750,1053
1600000US1810342,1810342,"Carmel city, Indiana",47291,3805,69460,10531,90484,10141,33781,7469,29698,4081,60208,3851,12684,2697
1600000US1822000,1822000,"Evansville city, Indiana",21914,1070,26125,1888,36748,5007,15608,1099,18411,1929,30492,1870,11755,1104
1600000US1823278,1823278,"Fishers town, Indiana",46281,3911,51911,8957,65819,5755,17729,6375,40889,2654,51589,8760,13812,5836
1600000US1825000,1825000,"Fort Wayne city, Indiana",25749,964,31172,1059,46916,2791,16853,1393,21212,1159,35531,1763,11909,541
1600000US1827000,1827000,"Gary city, Indiana",16365,1371,19286,3166,39952,7780,11833,1004,15146,1963,32264,1472,10681,818
1600000US1831000,1831000,"Hammond city, Indiana",20749,830,25828,2456,40370,6682,17073,2026,16869,1462,28768,3258,11527,1074
1600000US1836003,1836003,"Indianapolis city (balance), Indiana",24131,904,27166,836,41606,967,14363,1072,21030,765,37047,926,11863,325
1600000US1840788,1840788,"Lafayette city, Indiana",22506,3391,28055,3062,40269,2772,16791,2375,19260,1589,32107,3454,12390,1217
1600000US1851876,1851876,"Muncie city, Indiana",14566,1274,17924,1866,33703,3681,12025,1407,11704,966,32056,2132,9257,700
1600000US1871000,1871000,"South Bend city, Indiana",20378,908,22329,1954,39533,2767,12982,1314,18018,1387,31936,2058,12246,936
1600000US1912000,1912000,"Cedar Rapids city, Iowa",28354,2077,33728,2192,47635,3843,14936,1942,24223,1724,38577,4527,12473,1494
1600000US1919000,1919000,"Davenport city, Iowa",25640,1217,32979,4698,47437,3488,16756,1752,20998,1565,32245,3142,11826,1355
1600000US1921000,1921000,"Des Moines city, Iowa",25324,1039,30215,1648,41883,1877,14144,1089,21767,1026,36901,2006,12622,1013
1600000US1938595,1938595,"Iowa City city, Iowa",20075,2245,23941,5172,50811,6114,7685,1563,16457,4244,34965,6193,7890,1968
1600000US1973335,1973335,"Sioux City city, Iowa",21838,1223,25594,4207,36239,4977,12293,1754,20264,1702,29664,2950,11669,1090
1600000US1982425,1982425,"Waterloo city, Iowa",26879,1184,31269,1954,41687,2567,19033,2183,21031,2653,33556,2555,13159,2305
1600000US2036000,2036000,"Kansas City city, Kansas",20620,979,24063,2393,35829,1512,13587,1502,17709,1185,31768,1201,10510,650
1600000US2038900,2038900,"Lawrence city, Kansas",20836,2170,22993,2533,51229,5887,8289,1737,17383,2407,37479,3399,8650,1091
1600000US2052575,2052575,"Olathe city, Kansas",35324,1988,47362,4278,60510,4336,20231,4253,26703,1740,42496,3291,11468,1112
1600000US2053775,2053775,"Overland Park city, Kansas",38862,2181,46822,2232,65433,5536,22609,2364,31926,2030,50031,3957,16807,2190
1600000US2071000,2071000,"Topeka city, Kansas",23625,1218,29291,3605,41222,2168,14712,2351,19836,1663,33308,2272,12826,1352
1600000US2079000,2079000,"Wichita city, Kansas",24946,1018,31229,1086,43631,2862,15816,1280,19494,868,34182,2929,11838,449
1600000US2146027,2146027,"Lexington-Fayette urban county, Kentucky",25769,762,29195,2009,46828,1727,11304,602,23141,1364,38261,2332,11945,627
1600000US2148006,2148006,"Louisville/Jefferson County metro government (balance), Kentucky",24032,753,28120,1772,44159,2887,13895,971,21224,626,35250,1014,11805,489
1600000US2205000,2205000,"Baton Rouge city, Louisiana",20525,1203,23412,2477,44555,5714,10372,1141,17224,1999,31913,929,10343,905
1600000US2239475,2239475,"Kenner city, Louisiana",22062,1701,28924,5712,41018,3917,14586,2652,19346,2042,31255,2863,10967,1692
1600000US2240735,2240735,"Lafayette city, Louisiana",21518,1025,29099,4006,48719,5421,12550,1475,17262,1658,32207,2615,11172,1120
1600000US2241155,2241155,"Lake Charles city, Louisiana",18564,2359,23972,3619,41332,6474,14266,2724,14917,1757,31769,7512,10725,1177
1600000US2250115,2250115,"Metairie CDP, Louisiana",27435,1779,33105,4959,48585,3662,17332,3670,20970,1781,41475,3322,12490,1117
1600000US2255000,2255000,"New Orleans city, Louisiana",21115,692,25468,990,44238,2518,10962,573,17409,1080,36446,1281,10001,434
1600000US2270000,2270000,"Shreveport city, Louisiana",22276,1282,29560,3633,44441,4233,14102,903,17440,1611,34233,3998,11183,837
1600000US2360545,2360545,"Portland city, Maine",25152,2371,27946,4047,37233,5655,17858,3619,22408,2131,40623,4178,13200,2415
1600000US2404000,2404000,"Baltimore city, Maryland",23014,900,26244,1234,45487,1557,12110,526,20595,924,40870,1005,10739,386
1600000US2419125,2419125,"Columbia CDP, Maryland",53792,4283,66517,3334,91126,4663,30473,8519,40564,2758,66467,5699,17299,3179
1600000US2426000,2426000,"Ellicott City CDP, Maryland",58659,7398,84836,11136,106084,10142,34804,8318,36714,3597,64476,8684,15453,1707
1600000US2430325,2430325,"Frederick city, Maryland",33557,2838,38480,5987,55035,7441,15962,3283,30232,4691,44090,6661,17583,3509
1600000US2432025,2432025,"Germantown CDP, Maryland",40467,3856,50898,2793,63571,11572,13006,4137,33493,5043,58014,8570,15161,4896
1600000US2432650,2432650,"Glen Burnie CDP, Maryland",31104,2155,40347,5308,57084,5609,13645,3400,25169,3305,42286,7362,13371,1683
1600000US2472450,2472450,"Silver Spring CDP, Maryland",34201,4213,34551,5994,50820,6435,15483,3153,34021,4283,53855,8750,16368,6044
1600000US2481175,2481175,"Waldorf CDP, Maryland",42291,2468,50900,5432,62062,6349,22361,13968,36688,5583,53180,8325,11778,1722
1600000US2507000,2507000,"Boston city, Massachusetts",26207,886,30423,1184,52114,1392,10866,562,22681,1165,48884,1874,10051,436
1600000US2509000,2509000,"Brockton city, Massachusetts",24256,2218,31122,1719,44260,4009,12805,2370,21088,1341,37321,3968,12450,1530
1600000US2511000,2511000,"Cambridge city, Massachusetts",33108,3514,37746,3540,61846,4138,14788,2576,30801,3121,62596,7328,12289,2527
1600000US2523000,2523000,"Fall River city, Massachusetts",19477,1230,26066,2079,46291,4844,13353,2433,16798,1147,32301,3440,12595,1002
1600000US2524960,2524960,"Framingham CDP, Massachusetts",31582,2624,35390,3803,55815,8556,17687,4125,26849,6168,47161,5544,14556,2774
1600000US2534550,2534550,"Lawrence city, Massachusetts",16934,1337,23745,4018,37394,3771,9737,890,12678,2097,27828,3031,9377,551
1600000US2537000,2537000,"Lowell city, Massachusetts",22460,2046,25797,2018,45033,4239,14482,1739,20590,1644,39412,4853,11336,825
1600000US2537490,2537490,"Lynn city, Massachusetts",22286,1853,29280,3196,40318,2278,11790,1426,18906,2151,40135,3819,10674,1141
1600000US2545000,2545000,"New Bedford city, Massachusetts",20584,1261,23929,2528,40900,3331,14441,1386,17526,1589,33141,2018,11750,651
1600000US2545560,2545560,"Newton city, Massachusetts",48415,5239,71041,14388,121285,4111,18282,5358,35528,4418,77277,7329,16302,2595
1600000US2555745,2555745,"Quincy city, Massachusetts",31520,1506,34501,5511,56492,5932,15512,2604,30003,3127,51778,3722,15350,2324
1600000US2562535,2562535,"Somerville city, Massachusetts",33704,3596,35533,5256,53210,9168,16051,2595,32056,4659,50518,2354,13498,2927
1600000US2567000,2567000,"Springfield city, Massachusetts",17607,1728,21630,1177,41485,1962,12575,1309,15236,1476,37145,3467,10415,741
1600000US2582000,2582000,"Worcester city, Massachusetts",22634,2422,26739,2316,50447,3694,11101,983,20354,2286,42280,5192,11485,709
1600000US2603000,2603000,"Ann Arbor city, Michigan",25276,1104,25853,1512,67287,9210,14098,3212,24572,2405,51443,3903,14886,2964
1600000US2621000,2621000,"Dearborn city, Michigan",22455,2047,31846,2600,49992,7374,18124,3158,17399,1792,38346,7727,11411,1362
1600000US2622000,2622000,"Detroit city, Michigan",14804,431,15827,687,35111,2952,10495,457,14135,497,31690,859,10089,378
1600000US2627440,2627440,"Farmington Hills city, Michigan",37137,3721,54083,5972,70744,6489,25588,5713,27145,4763,53620,4805,17828,2724
1600000US2629000,2629000,"Flint city, Michigan",16195,875,18665,3048,33352,5556,12907,2036,14164,1843,27145,4354,10276,1027
1600000US2634000,2634000,"Grand Rapids city, Michigan",20561,795,25213,2608,38672,2030,12164,802,17726,1335,33393,2732,10937,668
1600000US2642160,2642160,"Kalamazoo city, Michigan",13748,1476,14158,2634,34567,5331,9248,1488,13502,1382,32221,2203,9858,765
1600000US2646000,2646000,"Lansing city, Michigan",18018,2071,22986,3408,39796,4547,12459,1794,15466,1343,33921,2887,10376,903
1600000US2649000,2649000,"Livonia city, Michigan",32368,1746,41039,2887,62056,6020,21835,1916,24316,2429,50115,4037,14700,1352
1600000US2669035,2669035,"Rochester Hills city, Michigan",37207,3443,52430,5869,80205,9416,23660,4251,25693,2995,50935,8656,14281,1507
1600000US2674900,2674900,"Southfield city, Michigan",25864,2794,30583,3652,55479,8138,16954,3541,23336,2430,43495,4425,14108,2148
1600000US2676460,2676460,"Sterling Heights city, Michigan",27040,1498,36602,3495,55064,7583,19021,2906,20279,1446,40372,3217,12220,1033
1600000US2680700,2680700,"Troy city, Michigan",38459,3637,51872,4546,80056,8670,21014,3556,28181,3971,56400,3547,15607,1329
1600000US2684000,2684000,"Warren city, Michigan",21170,1245,27814,2605,42052,3715,15584,1447,17828,1379,34410,2855,11811,1011
1600000US2686000,2686000,"Westland city, Michigan",24547,2409,31869,3418,44394,5139,18035,3343,18703,2793,36137,2537,12594,1144
1600000US2688940,2688940,"Wyoming city, Michigan",24635,2232,28860,3256,40115,3048,14345,3862,19549,2531,32269,2875,11010,1251
1600000US2706616,2706616,"Bloomington city, Minnesota",31002,1280,37970,4149,52003,5634,22249,2573,25666,2699,42710,4840,15627,2342
1600000US2707966,2707966,"Brooklyn Park city, Minnesota",31539,2850,35088,3350,50614,3281,18455,2373,28111,4952,43750,4447,15823,2235
1600000US2717000,2717000,"Duluth city, Minnesota",21275,1047,23755,2591,42196,4077,11534,1871,18316,2543,35722,2526,11100,1029
1600000US2743000,2743000,"Minneapolis city, Minnesota",26297,831,29178,1697,47823,3003,12484,883,23445,1716,43167,2405,11785,548
1600000US2751730,2751730,"Plymouth city, Minnesota",40928,3141,51196,4131,77106,13771,19878,4486,33822,6151,56256,2524,17357,2220
1600000US2754880,2754880,"Rochester city, Minnesota",31985,1549,36666,2115,51417,2940,17336,2258,27214,3487,46131,1906,12921,2231
1600000US2756896,2756896,"St. Cloud city, Minnesota",20177,2256,21298,2549,40027,6108,10188,1614,18568,3110,36661,3762,11058,1286
1600000US2758000,2758000,"St. Paul city, Minnesota",26145,888,30142,1736,46003,1549,11115,733,23517,1327,40732,1140,11561,819
1600000US2829700,2829700,"Gulfport city, Mississippi",20877,1886,27276,3092,38579,2732,17653,3805,16440,1686,32950,4137,9795,1253
1600000US2836000,2836000,"Jackson city, Mississippi",18647,1254,21283,1456,31095,1735,10332,1007,16255,1150,27153,3255,9332,561
1600000US2915670,2915670,"Columbia city, Missouri",22139,1742,26594,3537,48572,5449,8649,1798,18823,2241,35489,2818,7582,1357
1600000US2935000,2935000,"Independence city, Missouri",24330,1664,27581,3183,36814,1659,18563,2488,21077,1656,36185,1969,12493,1172
1600000US2938000,2938000,"Kansas City city, Missouri",26070,799,31128,826,46498,1573,13587,1214,22264,1047,37810,1325,12024,460
1600000US2941348,2941348,"Lee's Summit city, Missouri",33486,3076,45052,3390,59920,5018,18528,4296,25249,3515,45682,4874,12719,1603
1600000US2954074,2954074,"O'Fallon city, Missouri",37073,2735,50427,5486,65079,5289,13349,6258,29073,4070,42121,2175,12232,1677
1600000US2964082,2964082,"St. Charles city, Missouri",28004,2520,32411,2900,51046,5132,16515,4003,24350,2709,35546,2901,12462,1845
1600000US2964550,2964550,"St. Joseph city, Missouri",21217,1220,23929,3702,40067,3271,13015,1909,20060,2009,30999,3192,11367,1284
1600000US2965000,2965000,"St. Louis city, Missouri",20972,949,24171,1822,42593,2228,11248,581,18279,1646,34299,2314,10425,600
1600000US2970000,2970000,"Springfield city, Missouri",17983,1241,20442,1597,31032,1247,13147,1335,15757,1429,29244,2150,10146,697
1600000US3006550,3006550,"Billings city, Montana",25667,1524,33747,3165,41802,1736,16930,2704,20591,1386,32333,1805,11311,1069
1600000US3050200,3050200,"Missoula city, Montana",22174,1472,25879,1418,37650,4488,16393,4219,19244,2567,40195,8951,11925,852
1600000US3128000,3128000,"Lincoln city, Nebraska",25158,912,31221,998,44340,2012,12298,1037,20245,1003,36457,1332,10970,479
1600000US3137000,3137000,"Omaha city, Nebraska",25588,705,30286,826,43304,3399,14740,1411,21838,657,36328,827,11587,382
1600000US3223770,3223770,"Enterprise CDP, Nevada",32260,2118,36151,2729,49859,5720,18856,4563,27889,4929,45599,8235,15032,3375
1600000US3231900,3231900,"Henderson city, Nevada",31799,1320,36999,2115,51752,4866,21871,1775,27185,2078,44196,3530,15871,1857
1600000US3240000,3240000,"Las Vegas city, Nevada",25400,881,28965,1900,41570,1157,17818,1420,22088,920,38758,2898,12802,750
1600000US3251800,3251800,"North Las Vegas city, Nevada",26247,1387,30891,2572,41586,1594,14538,1577,23377,1176,34493,3098,12578,1636
1600000US3254600,3254600,"Paradise CDP, Nevada",25238,1040,30075,2033,38377,3148,18691,2478,21635,1284,33733,2614,13539,1574
1600000US3260600,3260600,"Reno city, Nevada",22763,1254,26918,1469,41379,2537,15222,1498,19655,1251,36687,2938,12061,796
1600000US3268400,3268400,"Sparks city, Nevada",26640,2058,31076,1740,42425,8744,21061,2682,21454,1660,37056,5776,14140,2335
1600000US3268585,3268585,"Spring Valley CDP, Nevada",27698,1720,32333,3710,45043,3301,17308,2177,23695,1581,35076,2305,15191,1656
1600000US3271400,3271400,"Sunrise Manor CDP, Nevada",21588,803,25313,1963,33682,1785,14522,1588,19429,1259,31783,1648,12851,1238
1600000US3345140,3345140,"Manchester city, New Hampshire",26962,1840,32935,2784,50995,3881,14649,1543,22621,1893,37626,2740,11638,829
1600000US3350260,3350260,"Nashua city, New Hampshire",30748,2422,36743,4461,60315,8310,18032,3571,23635,3037,43677,3939,14372,1217
1600000US3410000,3410000,"Camden city, New Jersey",18062,1836,20571,1897,32418,8698,10132,2037,15863,2291,26845,3456,8983,770
1600000US3413690,3413690,"Clifton city, New Jersey",32933,2548,36047,2346,50502,5100,20266,3484,30296,6434,50591,4359,14428,2076
1600000US3419390,3419390,"East Orange city, New Jersey",22672,2834,27367,3980,40895,3369,12046,2617,18670,3037,37712,2957,11851,1177
1600000US3421000,3421000,"Elizabeth city, New Jersey",20678,932,22428,2221,31661,3259,13721,1916,17527,1580,28208,2606,10655,980
1600000US3436000,3436000,"Jersey City city, New Jersey",31332,1176,37324,2676,58814,5759,13779,2488,25356,1955,47107,3910,11537,574
1600000US3451000,3451000,"Newark city, New Jersey",17704,1137,21431,1125,36314,1446,11603,599,15288,1076,35175,1858,9775,528
1600000US3456550,3456550,"Passaic city, New Jersey",20668,1592,25277,2367,30270,3382,12495,2423,15795,1284,24636,3112,10522,928
1600000US3457000,3457000,"Paterson city, New Jersey",19495,1453,22481,2582,31966,1958,11640,947,16534,1085,26559,2034,9598,565
1600000US3473110,3473110,"Toms River CDP, New Jersey",32603,3962,46802,3326,60056,6122,22890,1956,26664,2978,43389,8798,14687,2125
1600000US3474000,3474000,"Trenton city, New Jersey",17007,1264,19594,2339,35036,4083,11977,1215,14804,1510,32264,5759,10228,865
1600000US3474630,3474630,"Union City city, New Jersey",19353,1386,23019,2767,35126,6856,11987,2109,15403,2214,37139,5312,10612,732
1600000US3502000,3502000,"Albuquerque city, New Mexico",26534,801,31041,817,43838,2713,16427,1050,22769,977,39405,1488,12158,469
1600000US3539380,3539380,"Las Cruces city, New Mexico",21971,1612,25876,3573,37444,4103,13143,2565,18878,2224,34823,8552,9917,1541
1600000US3563460,3563460,"Rio Rancho city, New Mexico",31253,2537,37696,4246,46133,4296,21084,4602,23751,2267,43296,11251,15220,2190
1600000US3570500,3570500,"Santa Fe city, New Mexico",29290,2907,31738,2505,41097,5467,19104,5857,26078,3071,40348,2709,16283,2789
1600000US3601000,3601000,"Albany city, New York",23511,1426,26243,3508,42064,4613,12745,2545,21144,1811,36581,4543,11151,960
1600000US3611000,3611000,"Buffalo city, New York",19383,1104,22351,1716,40157,3294,12097,1006,17027,1176,34970,2432,11087,488
1600000US3615000,3615000,"Cheektowaga CDP, New York",25499,1382,30782,1482,43715,3710,19007,2789,21978,1629,36387,2443,14221,1199
1600000US3649121,3649121,"Mount Vernon city, New York",25036,2738,26233,3240,41263,5860,16418,2248,23138,3893,46241,1911,12499,2194
1600000US3650617,3650617,"New Rochelle city, New York",31811,2514,34648,5552,61881,7624,14201,4234,30260,2851,56717,10223,13923,2292
1600000US3651000,3651000,"New York city, New York",26916,229,31395,286,50160,427,13879,364,22818,412,45738,457,11355,165
1600000US3663000,3663000,"Rochester city, New York",19377,1125,21217,1134,40220,3627,11404,782,17158,940,32535,1956,11106,880
1600000US3665508,3665508,"Schenectady city, New York",21471,1554,24098,4190,37518,3409,13749,1549,19277,1948,33740,3227,12150,1669
1600000US3673000,3673000,"Syracuse city, New York",17607,1173,19638,1903,37373,4732,11076,796,16538,1131,37099,2168,10927,942
1600000US3684000,3684000,"Yonkers city, New York",30329,2472,35216,2484,55690,6528,17452,2578,25182,2525,50753,3174,12684,1452
1600000US3702140,3702140,"Asheville city, North Carolina",23495,1873,27157,1984,38273,2711,20902,4496,19121,2558,32002,3297,11587,823
1600000US3710740,3710740,"Cary town, North Carolina",41983,2624,61830,5898,78607,6612,20541,6266,31753,2188,51373,3817,15413,1506
1600000US3712000,3712000,"Charlotte city, North Carolina",27188,727,32308,1368,48287,2987,14778,948,22495,1159,38351,1634,12042,451
1600000US3714100,3714100,"Concord city, North Carolina",26363,1926,31342,1905,51146,4539,13102,3582,22031,1967,38891,8011,12350,1563
1600000US3719000,3719000,"Durham city, North Carolina",26941,1473,29232,2862,47592,2400,13391,1160,25531,1865,46048,2118,11991,824
1600000US3722920,3722920,"Fayetteville city, North Carolina",25696,1012,31611,1119,37679,2803,16262,1732,19766,1644,33964,2042,10560,716
1600000US3725580,3725580,"Gastonia city, North Carolina",21216,1336,25166,2658,41393,3413,12093,1609,17762,3074,34123,3104,11460,821
1600000US3728000,3728000,"Greensboro city, North Carolina",23657,1280,27561,1608,40201,3248,14445,1184,20278,1177,34385,2242,11950,590
1600000US3728080,3728080,"Greenville city, North Carolina",17203,2320,20445,3152,35480,6449,9755,1608,14472,1815,30118,3707,9045,803
1600000US3731400,3731400,"High Point city, North Carolina",23907,2055,31011,2614,48226,4855,15753,1927,20042,2134,35369,4539,12339,978
1600000US3734200,3734200,"Jacksonville city, North Carolina",23548,1337,24847,1540,26702,1614,16549,3435,18571,3187,34387,9356,10034,2115
1600000US3755000,3755000,"Raleigh city, North Carolina",30739,1037,36094,1788,48833,2660,14600,1423,27258,1628,40687,1623,12981,1295
1600000US3774440,3774440,"Wilmington city, North Carolina",22430,1531,26666,2374,45833,4464,15570,1591,20666,1607,34487,2696,11113,1193
1600000US3775000,3775000,"Winston-Salem city, North Carolina",21721,799,26040,1551,38432,5371,13712,1412,18822,1215,32213,1901,11407,496
1600000US3825700,3825700,"Fargo city, North Dakota",27589,1523,32233,1930,41072,1818,16718,3425,22006,1861,35631,3227,11025,957
1600000US3901000,3901000,"Akron city, Ohio",19400,1606,23802,2081,38157,3594,12519,1203,15436,1175,32143,1855,10098,629
1600000US3912000,3912000,"Canton city, Ohio",18820,1840,23024,2139,34909,6691,13815,3412,15643,1240,31343,3687,10879,1146
1600000US3915000,3915000,"Cincinnati city, Ohio",20472,721,23490,1659,43881,3824,10657,961,17412,1033,35434,1996,10321,609
1600000US3916000,3916000,"Cleveland city, Ohio",16202,770,18050,1535,36649,1692,9997,568,14838,736,32025,925,10103,379
1600000US3918000,3918000,"Columbus city, Ohio",26105,596,30134,916,43635,2389,12833,970,22888,987,37424,1202,11625,404
1600000US3921000,3921000,"Dayton city, Ohio",15804,1096,18259,2563,37014,5347,10692,814,14210,1341,30873,1166,9324,648
1600000US3944856,3944856,"Lorain city, Ohio",19427,1785,25582,2808,40314,7381,16188,2764,14770,2471,31266,5623,9953,817
1600000US3961000,3961000,"Parma city, Ohio",23932,1524,31408,3080,47212,3592,16261,2150,19589,2076,36889,4182,12826,1076
1600000US3977000,3977000,"Toledo city, Ohio",19663,918,23699,1591,40646,1412,12340,817,16452,803,33263,1795,10787,521
1600000US3988000,3988000,"Youngstown city, Ohio",13801,1032,14470,2109,35817,3596,9973,1193,13429,1159,23762,2484,10860,781
1600000US4009050,4009050,"Broken Arrow city, Oklahoma",30958,1061,40541,2426,52596,3241,20294,1887,24670,2008,36558,2849,13124,1410
1600000US4023200,4023200,"Edmond city, Oklahoma",32156,1995,43708,5149,61665,3214,17345,4559,22776,2453,40144,2664,13611,3824
1600000US4041850,4041850,"Lawton city, Oklahoma",21464,1439,29168,4694,40212,3098,11747,1531,17214,1481,31055,2979,11670,1363
1600000US4052500,4052500,"Norman city, Oklahoma",23440,2190,28271,2915,42228,5377,12162,3598,19946,2913,35249,3654,11302,1250
1600000US4055000,4055000,"Oklahoma City city, Oklahoma",24807,707,29203,1521,40587,1130,15485,827,20861,587,34587,1704,11516,436
1600000US4075000,4075000,"Tulsa city, Oklahoma",23660,749,29106,1495,40661,1014,14290,983,19678,739,32070,660,11806,360
1600000US4105350,4105350,"Beaverton city, Oregon",27876,3083,35442,4907,51089,3312,18366,3171,23911,2803,40558,4043,12316,1820
1600000US4105800,4105800,"Bend city, Oregon",27074,2225,36578,5804,50529,9025,26100,1992,21688,2156,37171,7526,16341,2534
1600000US4123850,4123850,"Eugene city, Oregon",20480,1590,24676,2699,48283,3857,12063,1563,16730,1461,39376,2640,11435,1029
1600000US4131250,4131250,"Gresham city, Oregon",21833,1904,30433,3462,43114,4528,15307,2525,15670,2155,37349,4064,11566,1141
1600000US4134100,4134100,"Hillsboro city, Oregon",30096,2853,40783,6809,53659,5780,18642,2674,21949,2192,40200,5342,12013,2261
1600000US4147000,4147000,"Medford city, Oregon",20703,1904,26348,3559,41719,6690,16875,2450,16656,1580,30707,5754,12017,1345
1600000US4159000,4159000,"Portland city, Oregon",27838,1137,31837,1229,50574,2112,16560,881,24668,1139,42155,1184,14386,939
1600000US4164900,4164900,"Salem city, Oregon",22739,1264,27779,2873,42124,3549,13594,2307,18107,2015,35863,2344,11499,974
1600000US4202000,4202000,"Allentown city, Pennsylvania",19066,1561,22994,2371,32613,2798,12912,1570,15686,1100,30673,1474,9979,768
1600000US4206088,4206088,"Bethlehem city, Pennsylvania",22098,2204,26203,1968,45075,6204,10721,2835,17016,2125,38398,6085,11639,1036
1600000US4224000,4224000,"Erie city, Pennsylvania",19133,1285,23092,2376,39653,3518,11000,979,16379,1395,31094,2279,11050,992
1600000US4260000,4260000,"Philadelphia city, Pennsylvania",20746,420,24063,1197,42372,1194,11300,434,18242,626,39523,1496,10539,287
1600000US4261000,4261000,"Pittsburgh city, Pennsylvania",22615,838,26929,1388,43602,2423,11962,764,20037,966,36635,1281,10672,597
1600000US4263624,4263624,"Reading city, Pennsylvania",15454,998,16996,1716,29273,5332,11483,1260,13617,1790,27447,1576,9103,682
1600000US4269000,4269000,"Scranton city, Pennsylvania",18896,1237,21681,1637,44012,4053,12920,1630,16467,1320,31986,1752,11171,997
1600000US4419180,4419180,"Cranston city, Rhode Island",29787,2300,35951,3827,52124,4714,17350,3879,25622,2863,44918,4458,14255,1545
1600000US4454640,4454640,"Pawtucket city, Rhode Island",24186,2805,28179,3143,41226,3391,13465,1943,20294,1879,35907,3063,13260,1204
1600000US4459000,4459000,"Providence city, Rhode Island",16706,883,19009,2145,35781,1928,10390,940,14615,1170,32046,3424,9129,500
1600000US4474300,4474300,"Warwick city, Rhode Island",32060,2773,41029,2772,55952,5493,17812,3841,26462,2076,42263,5834,12433,1447
1600000US4513330,4513330,"Charleston city, South Carolina",27140,1970,30237,3424,51249,3161,12307,1415,25428,2670,40639,3333,11691,1572
1600000US4516000,4516000,"Columbia city, South Carolina",18488,1712,18005,2196,41411,2659,9586,1443,19096,2165,36798,2012,10085,956
1600000US4548535,4548535,"Mount Pleasant town, South Carolina",31717,2209,41299,7640,66683,13084,20678,2279,28369,4826,46509,7718,14427,5883
1600000US4550875,4550875,"North Charleston city, South Carolina",20969,1607,23909,2826,37006,3026,12318,1248,16940,2249,31205,1269,9814,1219
1600000US4561405,4561405,"Rock Hill city, South Carolina",23074,2493,25931,2230,38409,3839,11049,2010,21091,2493,33573,2892,11616,1602
1600000US4652980,4652980,"Rapid City city, South Dakota",22913,2123,28669,2878,47544,5513,15308,2482,19497,1783,34214,4699,12319,1455
1600000US4659020,4659020,"Sioux Falls city, South Dakota",28632,1831,31860,1424,40238,1959,15082,2652,24750,2037,35276,1809,13607,1771
1600000US4714000,4714000,"Chattanooga city, Tennessee",21056,1109,25617,2844,45339,4461,12346,1783,18528,1351,33140,3122,11885,704
1600000US4715160,4715160,"Clarksville city, Tennessee",25360,1333,32054,2180,38740,3326,15327,1771,17375,1774,30025,2207,10978,795
1600000US4727740,4727740,"Franklin city, Tennessee",41316,2914,52579,5997,68054,13900,17451,2671,32519,5858,52388,4180,17157,3421
1600000US4737640,4737640,"Jackson city, Tennessee",20333,1826,26471,2365,35679,3346,12542,3384,16645,1875,34235,5348,10879,967
1600000US4740000,4740000,"Knoxville city, Tennessee",21557,917,26343,1952,36905,4034,13177,1208,17763,1578,32639,1831,10755,835
1600000US4748000,4748000,"Memphis city, Tennessee",20561,438,22345,900,40436,1105,11590,531,18781,814,32033,778,10668,411
1600000US4751560,4751560,"Murfreesboro city, Tennessee",26068,1840,31320,1403,42299,6033,11891,1486,21210,1892,36902,5037,11466,1316
1600000US4752006,4752006,"Nashville-Davidson metropolitan government (balance), Tennessee",25797,607,28986,1771,41319,1088,15025,879,22451,1029,36417,879,12015,427
1600000US4801000,4801000,"Abilene city, Texas",21584,1266,26940,2372,40341,3098,14420,1822,17013,1647,30364,3200,10395,903
1600000US4801924,4801924,"Allen city, Texas",44053,6641,55424,12283,85441,11501,12490,7703,30606,6760,51984,4518,11686,2074
1600000US4803000,4803000,"Amarillo city, Texas",23868,992,28943,2364,41734,2196,15569,1764,18926,1611,32047,1409,10878,623
1600000US4804000,4804000,"Arlington city, Texas",26211,1038,31144,1382,42317,3157,13617,1756,22461,1405,37601,3552,10921,701
1600000US4804462,4804462,"Atascocita CDP, Texas",40306,5018,54624,10664,74232,7817,16806,10519,30914,6654,47057,6790,11276,2731
1600000US4805000,4805000,"Austin city, Texas",27646,1046,31425,934,44636,2055,14294,1462,24849,1102,40757,920,11551,546
1600000US4806128,4806128,"Baytown city, Texas",23736,3343,31227,4280,48196,5922,14236,2101,17496,2853,36060,5495,11202,1166
1600000US4807000,4807000,"Beaumont city, Texas",20713,1148,25153,2574,42321,7528,13422,1917,15971,1730,31137,4817,10004,1227
1600000US4810768,4810768,"Brownsville city, Texas",15937,882,18611,1994,30061,4413,10780,814,13838,1336,23901,1780,9414,539
1600000US4810912,4810912,"Bryan city, Texas",20695,1489,22721,3052,34724,6694,12423,2566,16868,3761,27540,3566,10950,2233
1600000US4813024,4813024,"Carrollton city, Texas",35016,3619,40369,2823,52266,4581,17487,2590,28567,5070,46727,3531,14841,1740
1600000US4815976,4815976,"College Station city, Texas",12357,1611,14115,2595,51012,3454,6438,1541,11452,1337,35691,2579,6835,1314
1600000US4817000,4817000,"Corpus Christi city, Texas",22681,1349,30813,2199,46665,2783,12940,1475,17506,1036,31432,1206,10251,555
1600000US4819000,4819000,"Dallas city, Texas",23565,694,26239,685,36156,1164,13631,708,20683,663,34358,1549,11041,333
1600000US4819972,4819972,"Denton city, Texas",21529,2085,27329,2687,42225,4388,13006,2228,14472,2128,37393,5440,8001,1066
1600000US4822660,4822660,"Edinburg city, Texas",20613,2670,21837,3210,40344,6033,9680,1451,18525,4536,38524,6324,6641,832
1600000US4824000,4824000,"El Paso city, Texas",19792,664,25334,1061,40521,1159,11803,552,14931,607,28552,1413,9256,307
1600000US4826232,4826232,"Flower Mound town, Texas",47777,9601,72065,11853,97225,10152,10927,1739,32257,3910,57660,14834,11249,1844
1600000US4827000,4827000,"Fort Worth city, Texas",25521,687,31306,1016,42589,2413,12912,1052,20221,996,36854,2183,10530,608
1600000US4827684,4827684,"Frisco city, Texas",52253,3904,75562,9456,92242,4346,27515,7262,40701,1668,53310,5717,15996,1852
1600000US4829000,4829000,"Garland city, Texas",24484,1855,26683,1182,34375,2992,15306,2293,21027,1219,32655,3890,11843,714
1600000US4830464,4830464,"Grand Prairie city, Texas",26411,1390,31095,2120,41761,2196,12200,1907,21836,2208,37000,2787,11742,1160
1600000US4832372,4832372,"Harlingen city, Texas",19831,2414,24527,3570,38153,7501,14001,3392,16439,1938,27507,5019,9595,814
1600000US4835000,4835000,"Houston city, Texas",23155,553,26678,492,40457,767,12404,343,19730,711,33996,1494,10755,317
1600000US4837000,4837000,"Irving city, Texas",27297,1848,32160,2503,42567,4438,15141,2461,22706,2230,36118,3379,12088,988
1600000US4839148,4839148,"Killeen city, Texas",26572,1542,33076,1813,36900,3874,14704,4459,21425,1747,31849,2218,10467,1647
1600000US4841464,4841464,"Laredo city, Texas",17797,1252,23294,2300,35459,1659,9951,724,14271,1181,26297,1837,8400,466
1600000US4841980,4841980,"League City city, Texas",41592,2847,62386,7342,73519,8073,26849,7006,26008,6740,44849,7893,14681,1973
1600000US4842508,4842508,"Lewisville city, Texas",31563,1397,36020,2426,45115,4716,18362,2235,27039,5069,40324,3008,12071,2199
1600000US4843888,4843888,"Longview city, Texas",20498,2390,25783,2763,37473,6547,11616,1936,16933,1459,30125,5399,11251,1683
1600000US4845000,4845000,"Lubbock city, Texas",19857,1194,22190,1569,40261,2516,10413,1100,16939,1290,33774,1927,9502,608
1600000US4845384,4845384,"McAllen city, Texas",20057,2168,23386,4605,38664,3548,10286,1546,16527,2331,29704,3300,8854,626
1600000US4845744,4845744,"McKinney city, Texas",36378,4341,45681,6236,65964,6497,13355,2945,30053,3093,50084,3382,14434,2577
1600000US4847892,4847892,"Mesquite city, Texas",24425,2344,30579,2216,40178,3451,12566,2409,20891,1452,34643,3962,10822,1657
1600000US4848072,4848072,"Midland city, Texas",30589,1717,43147,5099,55409,6727,13902,1745,21792,1861,33921,4274,12021,1196
1600000US4848768,4848768,"Mission city, Texas",19421,2016,23325,3458,43286,10632,11800,1232,15751,2018,27257,8341,8896,650
1600000US4848804,4848804,"Missouri City city, Texas",38109,4527,40705,9132,62142,9112,11047,5410,36054,5053,51792,11048,14611,4514
1600000US4852356,4852356,"North Richland Hills city, Texas",31622,3972,38680,6577,53086,4722,19799,4687,28454,2449,43227,5208,13705,2923
1600000US4853388,4853388,"Odessa city, Texas",26702,1724,37039,2702,49334,6193,15831,2264,19847,1733,32126,3822,11152,1007
1600000US4856000,4856000,"Pasadena city, Texas",23704,1972,28357,3115,41056,1952,15913,1337,16976,1469,31433,1671,9774,971
1600000US4856348,4856348,"Pearland city, Texas",41890,6820,51050,4194,61194,6636,18833,4721,31440,5069,49625,8779,17467,6318
1600000US4857200,4857200,"Pharr city, Texas",15661,1729,19582,2738,26853,5171,12333,2699,11595,1560,29189,7481,8622,1075
1600000US4858016,4858016,"Plano city, Texas",40263,2825,50906,3379,70326,5730,19529,2157,30975,1958,50974,1550,12393,1444
1600000US4861796,4861796,"Richardson city, Texas",34147,3527,39600,4061,62030,8241,20979,2377,29369,3697,50331,4752,13288,2325
1600000US4863500,4863500,"Round Rock city, Texas",31616,2809,39616,4899,52281,6416,13953,3773,24702,5444,40055,2675,9781,2465
1600000US4864472,4864472,"San Angelo city, Texas",22268,1439,26139,1509,36663,3154,15017,2216,18671,3039,30452,3329,12144,1045
1600000US4865000,4865000,"San Antonio city, Texas",22964,638,26846,790,39947,1630,12673,734,19540,769,34309,1354,10086,351
1600000US4870808,4870808,"Sugar Land city, Texas",49072,6278,66938,12364,83730,7062,20731,8096,31279,4535,55121,8284,15328,3142
1600000US4872176,4872176,"Temple city, Texas",28546,1807,30622,2254,39318,2220,14702,5037,25168,4919,40327,3689,12434,1548
1600000US4872656,4872656,"The Woodlands CDP, Texas",49424,4717,85116,14730,101760,19374,22272,10044,29690,3907,52753,5422,13941,3687
1600000US4874144,4874144,"Tyler city, Texas",21057,1137,25404,2925,37061,5034,14327,2932,17394,2183,31210,2960,11501,646
1600000US4876000,4876000,"Waco city, Texas",17258,1525,22073,2188,34586,3461,11100,1473,13222,1589,26989,1983,9473,734
1600000US4879000,4879000,"Wichita Falls city, Texas",22875,2141,27891,4382,37376,4485,14529,1846,19435,1910,32386,4519,11137,746
1600000US4943660,4943660,"Layton city, Utah",27009,2735,37358,3912,48226,8977,17835,5414,19262,3447,36853,7329,9452,1620
1600000US4950150,4950150,"Millcreek CDP, Utah",26512,1553,30508,4891,46960,8196,16567,5341,23699,3959,36123,4624,12747,2345
1600000US4955980,4955980,"Ogden city, Utah",19882,1821,23897,2973,35914,4185,14327,1985,15654,2135,29497,3093,10162,922
1600000US4957300,4957300,"Orem city, Utah",19523,1417,25432,2751,41621,2989,14327,1854,14382,1830,32269,3072,8616,908
1600000US4962470,4962470,"Provo city, Utah",11841,665,15522,1678,39819,3745,10142,1339,9659,911,30205,4067,7267,722
1600000US4965330,4965330,"St. George city, Utah",18702,3147,22690,3977,35648,6920,16089,2347,14274,2202,28367,4554,11174,819
1600000US4967000,4967000,"Salt Lake City city, Utah",24175,1438,26802,1236,41173,2316,14526,1344,21221,1841,36035,1699,11391,800
1600000US4967440,4967440,"Sandy city, Utah",31077,2008,41076,3254,61600,6523,19509,2232,21389,2508,40263,2484,11443,1006
1600000US4982950,4982950,"West Jordan city, Utah",28072,3457,36611,3334,50490,3672,14775,4548,23179,1665,35514,3715,11664,1153
1600000US4983470,4983470,"West Valley City city, Utah",22393,1311,27839,2921,36398,1988,15075,2223,16872,1833,33052,3046,9601,693
1600000US5101000,5101000,"Alexandria city, Virginia",50591,2900,61252,2554,71843,3965,25252,5063,41326,1835,63479,5906,19703,4847
1600000US5103000,5103000,"Arlington CDP, Virginia",56281,3007,65356,4226,89161,6954,19702,4054,50420,2115,66443,3565,16490,1445
1600000US5114440,5114440,"Centreville CDP, Virginia",51804,2828,60282,5813,80669,10575,15796,6506,46074,5395,62473,9401,14923,2509
1600000US5116000,5116000,"Chesapeake city, Virginia",31053,1681,43083,3973,54328,3987,16174,2573,22833,1746,41553,1344,11503,964
1600000US5121088,5121088,"Dale City CDP, Virginia",38195,2809,48574,6004,56154,5955,16216,3488,30277,4929,45502,6064,12685,2459
1600000US5135000,5135000,"Hampton city, Virginia",25980,1662,30387,2140,44722,2909,16649,1122,22261,2016,40322,2044,12421,969
1600000US5147672,5147672,"Lynchburg city, Virginia",17483,1905,20293,2914,41190,4289,9955,1796,16143,1446,33154,3040,10003,804
1600000US5156000,5156000,"Newport News city, Virginia",25959,1108,32258,2239,45925,3720,13499,1930,21188,1497,34502,3491,12082,829
1600000US5157000,5157000,"Norfolk city, Virginia",23081,814,27070,1071,36852,1905,11465,1057,19301,1117,30066,1847,9979,621
1600000US5164000,5164000,"Portsmouth city, Virginia",25307,1925,33255,3319,46789,4194,13834,1922,19502,2289,35731,3761,10814,1221
1600000US5167000,5167000,"Richmond city, Virginia",21298,728,22163,1357,41513,1798,11507,579,20311,1111,37543,3459,11228,803
1600000US5168000,5168000,"Roanoke city, Virginia",22717,1998,26217,1778,38793,3832,12476,4394,19073,1860,32080,3014,12059,1052
1600000US5176432,5176432,"Suffolk city, Virginia",29470,1994,40113,3211,59439,3931,20830,3142,22606,2779,36139,2157,12656,1112
1600000US5182000,5182000,"Virginia Beach city, Virginia",31960,758,41268,1252,50719,953,20270,1396,24536,1340,38000,1892,12894,793
1600000US5303180,5303180,"Auburn city, Washington",26522,2017,31322,3241,47661,6036,17137,3900,21903,2880,39064,4688,13058,2422
1600000US5305210,5305210,"Bellevue city, Washington",48338,3627,67200,7214,91467,6318,25582,5033,30289,5123,67561,4585,15477,2735
1600000US5305280,5305280,"Bellingham city, Washington",21011,1845,26198,5914,47403,8756,13364,2556,15640,2894,39685,2279,10296,1539
1600000US5322640,5322640,"Everett city, Washington",24043,1052,30322,3200,45572,5971,15755,3489,19745,2043,36699,5167,11463,1092
1600000US5323515,5323515,"Federal Way city, Washington",25894,1957,30529,3007,49516,4785,13196,3533,21012,2214,41020,2289,12292,1354
1600000US5335275,5335275,"Kennewick city, Washington",26937,3243,34653,5256,50437,11221,19513,3461,21155,3702,37440,3291,12064,978
1600000US5335415,5335415,"Kent city, Washington",26344,1748,34888,4627,50554,2618,14396,2498,20803,2638,40985,2885,11796,1005
1600000US5353545,5353545,"Pasco city, Washington",24405,4035,30997,2782,36605,7044,19345,4662,16163,1812,29385,4284,10833,1179
1600000US5357745,5357745,"Renton city, Washington",30638,1847,35252,5966,49278,4499,20488,2600,24632,2652,45373,3806,11840,1275
1600000US5363000,5363000,"Seattle city, Washington",35574,857,40545,1432,61248,2201,19531,1440,31490,956,51684,1196,16584,1124
1600000US5367000,5367000,"Spokane city, Washington",24103,1268,27537,2141,46378,2824,15392,1364,20154,1946,36789,1794,13103,836
1600000US5367167,5367167,"Spokane Valley city, Washington",25285,1954,32010,2349,46260,3690,17850,3164,20785,2538,36757,3229,12583,1422
1600000US5370000,5370000,"Tacoma city, Washington",27259,1309,32224,1250,45578,2906,16183,1784,21957,1219,39551,3623,11989,970
1600000US5374060,5374060,"Vancouver city, Washington",23709,1582,29252,2983,44542,5049,17852,1476,19922,1381,36100,2623,12001,786
1600000US5380010,5380010,"Yakima city, Washington",19714,1562,22213,2981,34430,3705,12496,2014,16833,1249,30492,4249,12205,1105
1600000US5502375,5502375,"Appleton city, Wisconsin",27099,2517,33207,3783,49449,2416,13734,2254,22270,3098,37446,3562,11599,1047
1600000US5522300,5522300,"Eau Claire city, Wisconsin",21463,1923,29737,3927,40416,6291,12075,2521,15485,2488,32217,2154,10419,1138
1600000US5531000,5531000,"Green Bay city, Wisconsin",22337,1372,27019,1677,41826,2819,14243,1870,18605,2580,32465,2973,10150,929
1600000US5539225,5539225,"Kenosha city, Wisconsin",23599,2091,31552,3222,49322,6593,12172,2840,18829,1495,41768,3122,11851,995
1600000US5548000,5548000,"Madison city, Wisconsin",26374,1094,30099,2452,48470,3730,12365,1148,22516,1680,42991,2304,11713,900
1600000US5553000,5553000,"Milwaukee city, Wisconsin",20569,510,22661,1157,39626,2015,11626,510,18429,783,36611,947,11019,360
1600000US5560500,5560500,"Oshkosh city, Wisconsin",20870,1471,25180,2664,45092,4214,12437,2054,16449,1782,34707,4538,10102,1259
1600000US5566000,5566000,"Racine city, Wisconsin",23169,2259,28313,3517,40679,2853,17794,2251,18842,2126,37130,3187,12356,1461
1600000US5584250,5584250,"Waukesha city, Wisconsin",30454,2002,40086,4102,51604,3514,18408,2545,24215,2420,38433,3991,13062,1859
1600000US7206593,7206593,"Bayam�n zona urbana, Puerto Rico",14079,565,15472,728,23445,1864,10061,729,12776,717,21809,1358,8038,585
1600000US7210334,7210334,"Caguas zona urbana, Puerto Rico",13308,1247,15437,1439,26285,4449,9781,1181,11376,1621,23958,1692,7754,613
1600000US7214290,7214290,"Carolina zona urbana, Puerto Rico",16102,824,17089,1192,24365,2543,10377,1520,15209,1222,25941,1237,9387,575
1600000US7232522,7232522,"Guaynabo zona urbana, Puerto Rico",20601,2202,26138,5217,45158,9588,11710,2173,16733,2773,35005,7902,9623,969
1600000US7252431,7252431,"Mayag�ez zona urbana, Puerto Rico",11384,1264,12153,1498,21337,6026,9259,729,10510,1664,22529,3029,7954,836
1600000US7263820,7263820,"Ponce zona urbana, Puerto Rico",10837,503,11905,893,21001,1665,7314,720,9936,627,22658,2279,7612,615
1600000US7276770,7276770,"San Juan zona urbana, Puerto Rico",15161,487,16672,573,25831,1575,9785,524,13169,835,25850,1283,8787,415
