GEO.id,GEO.id2,GEO.display-label,HD01_VD02,HD02_VD02,HD01_VD04,HD02_VD04,HD01_VD05,HD02_VD05,HD01_VD06,HD02_VD06,HD01_VD08,HD02_VD08,HD01_VD09,HD02_VD09,HD01_VD10,HD02_VD10
Id,Id2,Geography,Estimate; Median income in the past 12 months (in 2014 Inflation-adjusted dollars) -- - Total (dollars):,Margin of Error; Median income in the past 12 months (in 2014 Inflation-adjusted dollars) -- - Total (dollars):,Estimate; Median income in the past 12 months (in 2014 Inflation-adjusted dollars) -- - Male -- - Total (dollars),Margin of Error; Median income in the past 12 months (in 2014 Inflation-adjusted dollars) -- - Male -- - Total (dollars),"Estimate; Median income in the past 12 months (in 2014 Inflation-adjusted dollars) -- - Male -- - Worked full-time, year-round in the past 12 months (dollars)","Margin of Error; Median income in the past 12 months (in 2014 Inflation-adjusted dollars) -- - Male -- - Worked full-time, year-round in the past 12 months (dollars)",Estimate; Median income in the past 12 months (in 2014 Inflation-adjusted dollars) -- - Male -- - Other (dollars),Margin of Error; Median income in the past 12 months (in 2014 Inflation-adjusted dollars) -- - Male -- - Other (dollars),Estimate; Median income in the past 12 months (in 2014 Inflation-adjusted dollars) -- - Female -- - Total (dollars),Margin of Error; Median income in the past 12 months (in 2014 Inflation-adjusted dollars) -- - Female -- - Total (dollars),"Estimate; Median income in the past 12 months (in 2014 Inflation-adjusted dollars) -- - Female -- - Worked full-time, year-round in the past 12 months (dollars)","Margin of Error; Median income in the past 12 months (in 2014 Inflation-adjusted dollars) -- - Female -- - Worked full-time, year-round in the past 12 months (dollars)",Estimate; Median income in the past 12 months (in 2014 Inflation-adjusted dollars) -- - Female -- - Other (dollars),Margin of Error; Median income in the past 12 months (in 2014 Inflation-adjusted dollars) -- - Female -- - Other (dollars)
1600000US0107000,0107000,"Birmingham city, Alabama",17790,1215,21191,1287,32895,3814,10545,1489,16439,930,31149,2542,10766,653
1600000US0121184,0121184,"Dothan city, Alabama",20797,1065,28388,2850,46656,2812,13525,1456,16535,957,34159,3441,10761,516
1600000US0135896,0135896,"Hoover city, Alabama",36964,3052,49423,5680,63324,7461,30604,6965,27960,4302,44844,5318,14116,1928
1600000US0137000,0137000,"Huntsville city, Alabama",26563,1466,35488,4649,59310,4784,14633,2291,21394,1699,38575,5321,12077,858
1600000US0150000,0150000,"Mobile city, Alabama",21356,890,28244,3051,45429,3857,14554,1799,17388,1245,31408,1637,11956,654
1600000US0151000,0151000,"Montgomery city, Alabama",23647,1957,30119,2141,44566,3734,12525,1330,18676,1830,33233,4338,10982,752
1600000US0177256,0177256,"Tuscaloosa city, Alabama",17804,2617,22021,4077,45807,7571,8930,1132,16204,1475,30407,4994,10209,1243
1600000US0203000,0203000,"Anchorage municipality, Alaska",34433,1828,41997,2495,56131,2793,20670,3198,26168,1819,50554,2771,11754,1041
1600000US0404720,0404720,"Avondale city, Arizona",28015,2863,33192,3528,42832,7538,12047,1997,22278,2537,35878,2810,9424,1079
1600000US0410670,0410670,"Casas Adobes CDP, Arizona",31213,1198,36648,3063,45683,6117,21540,3051,26912,3327,39638,5446,16443,2223
1600000US0412000,0412000,"Chandler city, Arizona",34335,2138,41391,1468,54985,2482,14373,2141,28799,3576,45631,3359,12934,1469
1600000US0423620,0423620,"Flagstaff city, Arizona",17428,3813,21198,3194,47014,5580,9291,2438,15831,2056,37219,4051,10037,1385
1600000US0427400,0427400,"Gilbert town, Arizona",37338,2116,50449,2503,65587,3929,18507,2131,30589,1303,45694,2872,13672,2763
1600000US0427820,0427820,"Glendale city, Arizona",25692,1196,31398,1686,42127,2711,14775,1689,20337,1396,38593,3444,11762,934
1600000US0428380,0428380,"Goodyear city, Arizona",31056,2545,41426,9774,50660,8222,28532,8258,25958,2277,34786,11141,13955,3372
1600000US0446000,0446000,"Mesa city, Arizona",26792,737,31861,712,41276,1315,19132,1853,21638,804,36767,1290,13314,850
1600000US0454050,0454050,"Peoria city, Arizona",33637,2179,37894,2101,53107,4897,21604,2814,27240,2650,44646,4030,15750,1366
1600000US0455000,0455000,"Phoenix city, Arizona",26586,582,30479,547,41395,801,15543,636,22506,868,38606,1680,11909,362
1600000US0464210,0464210,"San Tan Valley CDP, Arizona",30200,1767,36785,2633,50977,6598,21981,4757,21723,2064,32287,4655,12845,3731
1600000US0465000,0465000,"Scottsdale city, Arizona",38933,2950,51221,3352,75500,9969,28538,3536,30674,1442,50305,3706,17478,1630
1600000US0471510,0471510,"Surprise city, Arizona",30743,1370,38253,4025,50416,3818,28095,3217,24256,1894,38898,2813,13356,1382
1600000US0473000,0473000,"Tempe city, Arizona",22761,1590,26099,2694,40922,4354,12836,2012,20424,1889,32468,5266,10637,1178
1600000US0477000,0477000,"Tucson city, Arizona",20475,563,22640,1247,37393,1687,12635,991,17741,947,32220,822,11455,437
1600000US0485540,0485540,"Yuma city, Arizona",22363,1502,31017,2758,40447,2113,16689,2551,16044,2048,30976,2039,9473,787
1600000US0523290,0523290,"Fayetteville city, Arkansas",22410,2026,26763,2587,38480,11213,14011,3034,17268,4131,40893,4766,10806,968
1600000US0524550,0524550,"Fort Smith city, Arkansas",20843,1387,26486,2478,40109,6074,13287,2687,16610,1486,28870,3928,10684,1156
1600000US0535710,0535710,"Jonesboro city, Arkansas",20918,1409,26827,2848,36883,9871,14302,3125,16525,1447,27849,5960,10983,2012
1600000US0541000,0541000,"Little Rock city, Arkansas",26256,1499,32406,5143,44593,3955,16502,1878,22388,1375,35533,1651,13964,1302
1600000US0550450,0550450,"North Little Rock city, Arkansas",23488,3297,30169,4535,40691,5354,11113,1888,21544,1656,33527,6504,12604,2431
1600000US0566080,0566080,"Springdale city, Arkansas",21744,1245,26425,2101,35575,4317,11949,1338,17641,3058,29991,7458,10130,1703
1600000US0600562,0600562,"Alameda city, California",43763,4452,50943,2262,80533,11122,25883,6038,36929,4617,64310,7624,17859,2595
1600000US0600884,0600884,"Alhambra city, California",23692,2773,26608,2500,41811,3540,11838,1497,21030,2265,38923,4044,11127,1048
1600000US0602000,0602000,"Anaheim city, California",25461,1010,30368,1477,42334,3604,14442,1368,20854,938,37587,2585,11405,469
1600000US0602252,0602252,"Antioch city, California",26894,3225,28972,2955,54060,9344,13634,3000,24500,3905,41932,6065,12755,2320
1600000US0602364,0602364,"Apple Valley town, California",21013,2049,30745,3903,56449,12266,16009,3068,16164,1432,38486,2681,11909,1190
1600000US0602553,0602553,"Arden-Arcade CDP, California",26363,3213,31458,3496,51016,6712,16657,2122,23823,2366,46099,7131,12618,1928
1600000US0603526,0603526,"Bakersfield city, California",26333,1271,34868,2459,50078,3615,14434,1485,20119,1333,41033,2929,10890,615
1600000US0603666,0603666,"Baldwin Park city, California",21190,1776,26145,1750,35983,3179,12633,2096,16340,1847,26825,2479,10508,599
1600000US0604982,0604982,"Bellflower city, California",25216,1790,30984,1748,39938,5671,16404,2800,18225,3037,36723,4673,11677,691
1600000US0606000,0606000,"Berkeley city, California",27025,2848,31698,4964,70970,3912,13686,2053,24985,3625,57355,4799,13872,3056
1600000US0608786,0608786,"Buena Park city, California",23764,3802,30288,5135,47591,6415,12548,2333,19693,2632,39256,9434,11041,1000
1600000US0608954,0608954,"Burbank city, California",33837,4409,37830,5214,63750,8753,16800,2816,30765,2506,52112,5156,14686,1594
1600000US0610046,0610046,"Camarillo city, California",38671,4421,51107,4470,80013,10072,29784,4955,26004,5667,56461,9390,13758,2346
1600000US0611194,0611194,"Carlsbad city, California",50105,4064,70395,7974,92196,11521,24507,6275,35564,4332,56590,7962,20477,3077
1600000US0611390,0611390,"Carmichael CDP, California",29817,3468,40373,3935,60715,14558,26159,2853,23510,5021,50611,7609,15857,3216
1600000US0611530,0611530,"Carson city, California",23802,3861,24067,5198,39883,5584,14974,3439,23585,4343,40075,2710,13235,1912
1600000US0613014,0613014,"Chico city, California",20320,1622,23184,2902,51301,5703,12001,1206,19033,1634,39569,4229,13086,2515
1600000US0613210,0613210,"Chino city, California",27604,3036,29632,3813,49467,5147,11704,1342,26341,1865,40101,3045,15609,1691
1600000US0613214,0613214,"Chino Hills city, California",39152,4927,43127,5696,70852,7390,13260,3014,32492,6073,55625,7843,16613,4642
1600000US0613392,0613392,"Chula Vista city, California",27468,2607,36178,4284,56223,4624,14688,2162,21145,1452,45614,3162,12196,1326
1600000US0613588,0613588,"Citrus Heights city, California",26107,1193,31563,2617,46048,4253,20708,2043,21927,2606,41004,6155,14704,1925
1600000US0614218,0614218,"Clovis city, California",31306,1388,36913,3849,57580,6844,17306,4897,25671,3625,44874,6316,12238,1115
1600000US0615044,0615044,"Compton city, California",18047,1252,22094,2808,32410,5515,10945,1123,14658,1816,28687,5427,9320,1083
1600000US0616000,0616000,"Concord city, California",28869,3141,34231,5717,57479,6076,16786,2806,25176,2158,47062,7343,14889,2855
1600000US0616350,0616350,"Corona city, California",31246,1454,40488,2973,55493,6772,17065,2251,24943,2688,40909,2685,12636,1535
1600000US0616532,0616532,"Costa Mesa city, California",29713,3315,32466,4613,42487,7990,16955,4201,24428,2988,45552,3092,13690,2210
1600000US0617918,0617918,"Daly City city, California",30963,1430,33815,4667,47204,6462,15494,2826,27316,3612,41204,2190,13152,2533
1600000US0618100,0618100,"Davis city, California",25207,2771,35433,7855,64851,11558,12290,4398,19508,3786,46930,7951,10022,2220
1600000US0619766,0619766,"Downey city, California",24808,2132,29672,4616,41623,2348,12580,1765,23355,1509,37411,5887,12168,1201
1600000US0620802,0620802,"East Los Angeles CDP, California",17504,1155,21042,1250,29428,2489,12514,1199,13725,1130,23022,1674,9834,770
1600000US0621712,0621712,"El Cajon city, California",19812,1925,26215,3481,46008,4768,12398,1576,15466,2226,40239,10753,10624,819
1600000US0622020,0622020,"Elk Grove city, California",33754,4738,44141,4499,66137,1880,17979,2836,25844,1699,50708,4930,12282,1793
1600000US0622230,0622230,"El Monte city, California",18404,957,21278,1249,26281,1383,11630,869,15696,666,22100,1791,9758,535
1600000US0622804,0622804,"Escondido city, California",24659,1877,27162,1715,36666,1916,15616,1996,21060,1827,36546,2394,12335,1280
1600000US0623182,0623182,"Fairfield city, California",30842,2259,38886,4432,56014,6414,15715,2557,22715,2118,50241,4827,12523,1262
1600000US0624638,0624638,"Folsom city, California",46701,4589,66569,7485,99212,10564,23782,5800,30944,5584,71018,7013,18190,2955
1600000US0624680,0624680,"Fontana city, California",25835,1307,28944,3324,41911,3671,11149,998,21168,2588,36861,2926,9795,1050
1600000US0626000,0626000,"Fremont city, California",43527,3603,53653,6809,87015,8577,20393,1850,31506,2127,61912,5304,12367,1563
1600000US0627000,0627000,"Fresno city, California",19449,971,22821,1722,40093,2966,12218,510,16281,806,35697,1730,10418,341
1600000US0628000,0628000,"Fullerton city, California",26347,2175,31680,4178,50243,4899,14482,2576,21154,1525,41332,4885,12285,1063
1600000US0629000,0629000,"Garden Grove city, California",21373,854,25436,1552,37453,5278,12341,986,17658,1556,35734,3670,11087,630
1600000US0630000,0630000,"Glendale city, California",22012,1156,24521,2006,45230,5091,11617,593,20174,1586,45527,4240,11751,456
1600000US0632548,0632548,"Hawthorne city, California",26457,1628,28209,2655,38512,2666,17215,2460,22573,4904,36763,3506,11997,823
1600000US0633000,0633000,"Hayward city, California",27636,2668,31954,1900,47973,3769,16551,2447,23283,1615,42190,4068,13346,1752
1600000US0633182,0633182,"Hemet city, California",18026,1911,24511,3465,34731,9685,17971,3992,13808,1626,30473,3609,11725,1103
1600000US0633434,0633434,"Hesperia city, California",22274,1829,26498,3810,44395,8528,15887,2113,17303,3038,32357,4554,11108,1017
1600000US0636000,0636000,"Huntington Beach city, California",40242,1625,48879,4311,71345,4520,20443,2276,32191,2915,56851,6704,17752,1761
1600000US0636448,0636448,"Indio city, California",22827,2359,25114,3166,36562,6251,15558,2904,20475,3007,32311,4145,12027,1050
1600000US0636546,0636546,"Inglewood city, California",20549,1140,20853,1634,30044,2737,11654,1327,20267,1879,37720,5029,11399,977
1600000US0636770,0636770,"Irvine city, California",47299,4904,62482,7894,92008,8088,17618,5912,37303,4014,61653,5252,14185,1595
1600000US0637692,0637692,"Jurupa Valley city, California",22085,1439,28497,3707,40452,1991,13392,2671,16494,1741,31953,4487,10548,923
1600000US0639248,0639248,"Laguna Niguel city, California",47925,9893,65836,10027,100622,21632,29139,8215,29248,8259,68459,16844,16830,1548
1600000US0639496,0639496,"Lake Forest city, California",36963,5259,42139,9119,64631,5878,15971,3553,33289,5709,52474,8500,19283,4951
1600000US0639892,0639892,"Lakewood city, California",31182,2609,36795,6196,60335,8574,15651,1970,26975,2575,51500,2749,14623,3080
1600000US0640130,0640130,"Lancaster city, California",26453,1683,30284,4394,44279,1684,11445,1257,24738,2489,34782,1668,11884,1090
1600000US0641992,0641992,"Livermore city, California",36738,3294,50073,7136,72051,15805,21393,2187,30123,4895,51286,7582,12298,2126
1600000US0643000,0643000,"Long Beach city, California",26487,1130,31326,1393,47451,2758,14998,1166,22427,1446,42019,1845,11876,373
1600000US0644000,0644000,"Los Angeles city, California",23394,386,26248,443,40164,673,13900,424,20717,316,40004,1137,11857,169
1600000US0644574,0644574,"Lynwood city, California",16928,1097,20212,1591,28931,2594,11543,1337,13835,1081,25575,2827,8908,1137
1600000US0645484,0645484,"Manteca city, California",30185,3704,38671,5443,53403,9242,18823,3724,18742,3180,41420,5156,12440,2086
1600000US0646842,0646842,"Menifee city, California",23436,1826,31815,3884,47349,7775,19078,4114,19177,1901,41875,6237,13945,2111
1600000US0646898,0646898,"Merced city, California",21824,1469,24470,1991,36611,1970,13235,1997,18497,3226,35056,7211,11031,1273
1600000US0647766,0647766,"Milpitas city, California",39740,5234,44617,6095,72390,6951,16198,3696,31383,2466,50911,2426,12322,1441
1600000US0648256,0648256,"Mission Viejo city, California",39304,4226,50614,2991,66614,10471,23565,5955,29994,2362,61007,5080,16827,1478
1600000US0648354,0648354,"Modesto city, California",23592,1720,28370,3166,50599,3639,14885,2310,20452,1496,40259,2549,12375,757
1600000US0649270,0649270,"Moreno Valley city, California",22196,1175,26761,2108,41747,3325,12819,1539,17112,2094,34075,3899,10296,707
1600000US0649670,0649670,"Mountain View city, California",60307,11000,72167,11565,107477,10046,25180,5670,44575,6589,77584,13081,13472,3104
1600000US0650076,0650076,"Murrieta city, California",31259,2536,46702,7604,70933,10236,20193,2660,20450,2872,42497,11540,12194,2162
1600000US0650258,0650258,"Napa city, California",30952,2034,41694,5211,51017,7024,24696,5099,22797,1693,51906,4286,15192,2216
1600000US0651182,0651182,"Newport Beach city, California",58094,6942,71783,24392,110008,23149,29225,3717,50054,5933,82725,14400,27058,5354
1600000US0652526,0652526,"Norwalk city, California",22720,2045,28354,3570,40045,4544,12968,1631,17876,1808,31829,5581,11353,709
1600000US0653000,0653000,"Oakland city, California",28927,1783,31078,933,52038,3648,16195,1152,26445,1466,47414,3176,13120,956
1600000US0653322,0653322,"Oceanside city, California",28918,3009,36450,2911,50417,3416,18413,2367,22058,2011,41438,2540,13044,1685
1600000US0653896,0653896,"Ontario city, California",22039,1335,27409,3609,41136,1651,12518,1913,17521,1809,34837,3838,11187,666
1600000US0653980,0653980,"Orange city, California",30901,1555,35052,3262,50885,4604,14969,2272,26191,3678,50410,3702,13415,1637
1600000US0654652,0654652,"Oxnard city, California",21932,1227,25652,1831,38773,3771,12894,1478,18573,1893,31223,2651,11432,790
1600000US0655156,0655156,"Palmdale city, California",22901,1464,30205,4362,47489,7072,12335,1522,18217,1473,38438,3485,11794,795
1600000US0655282,0655282,"Palo Alto city, California",76881,7752,91170,17190,144652,13179,40480,18416,61699,6539,101025,7881,25197,5173
1600000US0656000,0656000,"Pasadena city, California",31153,2429,36288,6178,56041,11202,16230,2697,25603,4830,56343,8284,11556,730
1600000US0656700,0656700,"Perris city, California",20398,2234,26365,8017,38828,5987,11962,2594,16061,3381,23488,4317,10202,2532
1600000US0657456,0657456,"Pittsburg city, California",25441,3050,28900,4523,47037,3617,12065,1949,22583,2830,47365,7365,12094,1977
1600000US0657792,0657792,"Pleasanton city, California",51652,3815,74980,13265,110661,14006,28380,10529,36641,5987,80240,8762,21195,3127
1600000US0658072,0658072,"Pomona city, California",18705,1650,22340,1901,36348,3561,12041,742,14680,1206,33840,2611,10151,604
1600000US0659444,0659444,"Rancho Cordova city, California",27789,2525,30797,2877,43928,7133,16974,2986,24919,2918,42537,7982,13697,3210
1600000US0659451,0659451,"Rancho Cucamonga city, California",31864,1780,40939,5786,62878,7766,18027,1563,25910,2913,49422,3510,12907,2163
1600000US0659920,0659920,"Redding city, California",23754,2215,28587,3753,46600,5551,18167,2609,20904,2089,31910,1605,13644,1547
1600000US0659962,0659962,"Redlands city, California",30413,3638,35531,4522,53786,13676,11511,7750,25641,4579,52966,7526,12112,1673
1600000US0660018,0660018,"Redondo Beach city, California",47075,4951,59479,13650,84208,15804,22445,6510,40076,6977,61209,7502,20903,4657
1600000US0660102,0660102,"Redwood City city, California",38134,4591,41016,6582,66071,14228,19094,4261,34493,6531,73661,13880,13057,2099
1600000US0660466,0660466,"Rialto city, California",21624,1234,25402,2007,38138,4470,13481,1915,17397,3194,32241,3786,10631,1339
1600000US0660620,0660620,"Richmond city, California",26617,1809,31100,1911,47416,5841,16669,3103,21050,2182,41198,2195,14025,2266
1600000US0662000,0662000,"Riverside city, California",23543,1671,27417,1572,43970,2451,13445,1170,19309,2089,35246,2786,11729,742
1600000US0662938,0662938,"Roseville city, California",41069,2013,51628,4491,71660,4068,23603,4916,32226,4577,70121,6442,16140,2185
1600000US0664000,0664000,"Sacramento city, California",25329,1048,30309,1113,46572,2263,13224,738,21906,1008,43233,3681,11737,309
1600000US0664224,0664224,"Salinas city, California",20389,924,22519,1879,37022,3803,15714,998,17001,836,31465,5440,12941,1127
1600000US0665000,0665000,"San Bernardino city, California",17196,807,20781,1099,35541,3123,12106,869,14392,1403,33860,4910,9961,618
1600000US0665042,0665042,"San Buenaventura (Ventura) city, California",31784,1518,38716,5535,57269,10703,19805,4389,29486,3347,46841,6637,15508,2208
1600000US0665084,0665084,"San Clemente city, California",44448,4947,70182,9718,90595,17737,36753,10683,26544,9125,51619,9456,15409,3574
1600000US0666000,0666000,"San Diego city, California",31385,585,37142,1164,55729,2003,16738,720,25564,902,48056,2524,13088,599
1600000US0667000,0667000,"San Francisco city, California",40750,715,46606,1972,75844,2770,18624,1213,35310,1678,65010,4257,14810,858
1600000US0668000,0668000,"San Jose city, California",32356,929,40992,967,62275,3765,16321,662,25129,1009,51337,1365,12941,753
1600000US0668084,0668084,"San Leandro city, California",32407,4100,36478,3041,50690,7921,20540,3892,29755,3419,44595,7758,16584,3337
1600000US0668196,0668196,"San Marcos city, California",30114,4174,34338,4124,50157,6945,16621,2606,24551,4798,47009,8595,12385,3300
1600000US0668252,0668252,"San Mateo city, California",44944,4834,54959,7568,76155,11199,26009,6092,36215,4837,70761,8826,21036,1746
1600000US0668378,0668378,"San Ramon city, California",64699,8110,83430,11583,116959,13044,22449,5906,43199,9645,85503,9897,15860,5166
1600000US0669000,0669000,"Santa Ana city, California",21061,538,23910,1153,29903,1550,14337,1580,16741,609,27661,1884,10859,630
1600000US0669070,0669070,"Santa Barbara city, California",30240,3512,35236,4491,42160,6961,21257,2399,23436,3404,50058,6830,16074,1895
1600000US0669084,0669084,"Santa Clara city, California",40249,5696,52109,7320,90954,7762,12745,2244,27765,2976,62870,9198,12788,2097
1600000US0669088,0669088,"Santa Clarita city, California",34481,2969,44101,6198,64121,5926,19040,2748,24799,2398,55564,6949,13754,2126
1600000US0669196,0669196,"Santa Maria city, California",21100,833,25837,1614,35442,5332,15545,1180,16332,1250,29967,5477,10824,1268
1600000US0670000,0670000,"Santa Monica city, California",49919,3863,58354,8613,96384,12540,24043,3721,42288,7989,72717,4299,18102,4604
1600000US0670098,0670098,"Santa Rosa city, California",30488,1423,36195,1900,50324,2858,20359,2633,25992,1646,43066,3854,15585,1603
1600000US0672016,0672016,"Simi Valley city, California",34278,3384,44850,4265,75314,11929,19646,3522,24918,2973,51420,4058,13568,1469
1600000US0673080,0673080,"South Gate city, California",17679,1642,21835,1506,30506,2333,11564,1055,14581,1510,28676,4383,9202,1487
1600000US0673262,0673262,"South San Francisco city, California",36606,6108,40435,5289,51727,9033,21530,4281,32022,9919,49196,6089,17992,4202
1600000US0675000,0675000,"Stockton city, California",21008,959,25982,1194,40375,2251,13086,1380,16562,1200,37796,2524,11360,359
1600000US0677000,0677000,"Sunnyvale city, California",60149,6262,81845,6719,101561,1313,26766,5030,38421,4934,76130,7098,16535,1575
1600000US0678120,0678120,"Temecula city, California",31814,2577,41727,4022,65412,6714,18137,2846,24621,3473,50847,7794,14868,1792
1600000US0678582,0678582,"Thousand Oaks city, California",40857,2266,56907,6693,87165,12598,22113,4043,30902,2311,62561,10555,16642,2210
1600000US0680000,0680000,"Torrance city, California",39572,3581,53436,9250,76046,6385,23310,4309,25996,2787,62419,5519,15393,1419
1600000US0680238,0680238,"Tracy city, California",30906,2706,41803,4088,56450,8603,15390,5038,20428,3918,42257,9745,11805,1346
1600000US0680812,0680812,"Turlock city, California",24362,3119,28590,3213,41478,9283,12660,2465,18759,3365,41203,9570,12078,1003
1600000US0680854,0680854,"Tustin city, California",26397,3336,30680,6437,41465,9344,17610,2083,22011,3585,40032,5545,12576,1754
1600000US0681204,0681204,"Union City city, California",32228,3987,40300,4960,52277,9937,15599,2791,23962,2749,50277,4821,13679,3708
1600000US0681344,0681344,"Upland city, California",29607,4059,38772,4851,50889,2399,15547,2670,22117,1917,46162,6815,13156,2005
1600000US0681554,0681554,"Vacaville city, California",33933,3770,42107,2621,61412,6049,17259,4959,24931,3268,45722,4447,14789,3757
1600000US0681666,0681666,"Vallejo city, California",26223,1551,31412,2595,50480,3547,17371,2383,20407,1753,45804,5885,12155,1439
1600000US0682590,0682590,"Victorville city, California",21178,1136,22765,4298,36940,2804,13844,1380,18090,5127,33215,6235,10673,865
1600000US0682954,0682954,"Visalia city, California",24120,1987,30162,3000,48690,5027,18397,3985,17721,2387,36030,3871,11582,721
1600000US0682996,0682996,"Vista city, California",25521,1241,29805,2042,39813,4340,15303,1788,20286,2221,28933,2286,12290,2003
1600000US0683346,0683346,"Walnut Creek city, California",45339,4472,53646,8068,80285,12377,37121,9413,34824,6977,71625,8516,21376,2307
1600000US0684200,0684200,"West Covina city, California",26578,1533,31025,1896,50501,3214,13704,1462,22166,2298,40670,3443,11386,713
1600000US0684550,0684550,"Westminster city, California",20374,1547,22458,4630,45492,10073,11955,752,16593,2047,41764,3062,10231,1205
1600000US0685292,0685292,"Whittier city, California",26863,3283,36868,4349,56333,4875,13779,2192,20981,1222,40250,5782,10839,1367
1600000US0686832,0686832,"Yorba Linda city, California",46032,5937,55300,12104,80016,17419,25000,7667,33212,6631,69918,8351,15818,3930
1600000US0686972,0686972,"Yuba City city, California",24767,2598,30786,3503,50912,4421,13304,1804,21430,2731,37300,6617,13528,1592
1600000US0803455,0803455,"Arvada city, Colorado",32313,1903,42666,3643,56928,5397,22433,2920,27025,2154,45051,4514,13940,1984
1600000US0804000,0804000,"Aurora city, Colorado",29806,1636,32327,1529,43753,2859,16729,1521,25373,1612,40837,1483,12746,1047
1600000US0807850,0807850,"Boulder city, Colorado",25724,2558,30298,3392,60801,4168,11803,1362,21630,3495,52761,5021,11221,1826
1600000US0812815,0812815,"Centennial city, Colorado",44313,3300,51133,2216,70372,4509,22281,2398,37274,4870,56179,5230,17433,2236
1600000US0816000,0816000,"Colorado Springs city, Colorado",28409,1596,35412,1575,49861,1675,16789,825,22124,1045,40366,1028,11776,572
1600000US0820000,0820000,"Denver city, Colorado",31932,580,36164,1097,47265,1880,18371,1634,28047,1522,45875,1172,13965,918
1600000US0827425,0827425,"Fort Collins city, Colorado",23271,1610,26706,1886,48929,5913,10426,1429,20220,1976,39818,2106,10973,1273
1600000US0832155,0832155,"Greeley city, Colorado",25242,1585,31626,1892,42850,4005,14891,1642,18223,1864,35254,3546,10716,1149
1600000US0836410,0836410,"Highlands Ranch CDP, Colorado",50977,3248,74068,5517,95315,7744,20890,6437,35595,3996,61145,2604,15668,1651
1600000US0843000,0843000,"Lakewood city, Colorado",31989,1465,35596,3124,47101,4889,20850,1561,29340,2460,42095,1961,15470,1004
1600000US0845970,0845970,"Longmont city, Colorado",28398,2061,36998,3213,52490,3372,19723,3517,22643,2306,40244,4286,13917,1863
1600000US0846465,0846465,"Loveland city, Colorado",27778,2180,35826,4213,46967,5785,20700,4902,21331,2422,35268,4496,15099,2572
1600000US0862000,0862000,"Pueblo city, Colorado",21331,1361,23880,2162,41754,3105,14314,2246,18332,2515,33536,3759,11849,1107
1600000US0877290,0877290,"Thornton city, Colorado",32417,2400,38298,4179,49211,4025,16543,1915,29099,3083,43281,2113,14467,2180
1600000US0883835,0883835,"Westminster city, Colorado",32767,2731,35753,2180,54817,7037,17156,2949,30691,2815,46543,5460,14189,2147
1600000US0908000,0908000,"Bridgeport city, Connecticut",21643,1107,24255,1944,41997,2265,13769,1446,19361,2170,36860,2897,12293,990
1600000US0918430,0918430,"Danbury city, Connecticut",30532,2670,36714,3113,51958,5326,15965,2268,24019,2784,50495,6934,15177,1696
1600000US0937000,0937000,"Hartford city, Connecticut",17935,1299,19214,1704,40182,5335,9899,982,16783,1878,34053,2476,9817,678
1600000US0950370,0950370,"New Britain city, Connecticut",23989,1769,28659,5028,42282,5327,15219,1999,20424,2885,35521,2625,11004,1797
1600000US0952000,0952000,"New Haven city, Connecticut",21761,1033,23659,3053,47281,8357,13563,2683,20555,1320,43205,3879,11613,833
1600000US0955990,0955990,"Norwalk city, Connecticut",35981,3960,41148,7288,61393,8161,20262,2337,32280,3219,56799,10080,17751,2171
1600000US0973000,0973000,"Stamford city, Connecticut",39863,4898,49934,6799,71103,6891,21794,2843,31289,3323,61990,7625,14923,2587
1600000US0980000,0980000,"Waterbury city, Connecticut",22421,1994,26626,3230,43249,4603,15275,2620,19754,2039,41740,4030,13209,1482
1600000US1077580,1077580,"Wilmington city, Delaware",25566,2099,28882,5486,50970,3160,10443,1401,22801,4006,39379,2833,13254,2103
1600000US1150000,1150000,"Washington city, District of Columbia",40094,1389,44100,1709,70445,3320,15490,794,34078,2106,62282,2359,12205,631
1600000US1200410,1200410,"Alafaya CDP, Florida",27393,4284,35353,5035,46079,9840,10968,6321,21036,4051,37579,6107,10675,1646
1600000US1207300,1207300,"Boca Raton city, Florida",34038,3884,41754,5788,73628,16417,17459,5006,26633,2085,51903,6935,14225,2788
1600000US1207875,1207875,"Boynton Beach city, Florida",24604,3280,30446,5452,42114,4374,16432,3802,19944,4385,37403,4405,11987,1742
1600000US1208150,1208150,"Brandon CDP, Florida",30568,1353,34578,4347,47248,3998,18800,3391,27480,2940,38865,3910,13866,1369
1600000US1210275,1210275,"Cape Coral city, Florida",24882,1533,30401,2287,42265,4339,20846,1836,21480,1008,37381,3272,14256,1273
1600000US1212875,1212875,"Clearwater city, Florida",25878,1454,29067,3464,40617,3699,19376,2402,22743,2457,35590,3934,14440,1623
1600000US1214400,1214400,"Coral Springs city, Florida",30575,1667,34003,4510,48639,5411,15815,2409,26586,3415,46582,2169,12773,1676
1600000US1216475,1216475,"Davie town, Florida",28738,3732,35633,4976,50521,7150,15739,2007,24627,3410,38013,2732,11414,1625
1600000US1216725,1216725,"Deerfield Beach city, Florida",22488,2045,25379,4183,35013,5318,14438,1971,20938,2192,33863,8883,13729,1720
1600000US1217100,1217100,"Delray Beach city, Florida",27233,2592,32234,4407,43799,5802,22044,3000,20184,2589,39483,2977,14418,2617
1600000US1217200,1217200,"Deltona city, Florida",20945,1623,24561,1590,35069,4029,16842,2184,17199,1488,29328,2102,12056,1219
1600000US1224000,1224000,"Fort Lauderdale city, Florida",27892,2244,34657,4364,47531,3891,18620,3075,21704,1950,41093,4763,12860,1450
1600000US1224125,1224125,"Fort Myers city, Florida",22434,1794,26945,3907,33992,3531,19851,2780,19738,4522,31606,6353,12386,951
1600000US1225175,1225175,"Gainesville city, Florida",19514,1747,21021,2511,41570,2522,10711,1377,18421,1926,36711,3134,9635,967
1600000US1230000,1230000,"Hialeah city, Florida",15585,586,17848,1577,26702,975,9680,472,12813,938,23899,2480,8779,228
1600000US1232000,1232000,"Hollywood city, Florida",23993,1725,28742,3474,41303,4938,15144,1713,20879,1152,32131,2816,11712,1125
1600000US1232275,1232275,"Homestead city, Florida",18488,3243,20070,3899,31242,5611,11134,1365,16367,4914,31397,6421,8827,880
1600000US1235000,1235000,"Jacksonville city, Florida",25577,778,30416,982,44039,2422,15047,1108,21470,825,35769,780,12172,481
1600000US1236100,1236100,"Kendall CDP, Florida",29814,3654,32014,9673,49176,7659,12416,2159,27051,6335,42297,5685,13252,1711
1600000US1236950,1236950,"Kissimmee city, Florida",17709,2554,20825,2198,29341,4392,10796,1731,15368,1426,24975,4233,10631,2415
1600000US1238250,1238250,"Lakeland city, Florida",22190,872,26702,2283,41327,2555,17292,3467,19832,1289,31197,3834,14184,1332
1600000US1239425,1239425,"Largo city, Florida",24282,1857,27102,2289,34695,2928,19170,2539,21407,2254,32399,3894,14434,1924
1600000US1239550,1239550,"Lauderhill city, Florida",18744,2476,20363,1718,30821,3236,11734,1315,17029,2731,31166,1866,11513,829
1600000US1239925,1239925,"Lehigh Acres CDP, Florida",18979,2135,20815,1536,33675,4591,12469,1032,16450,1403,26585,2483,10391,1163
1600000US1243975,1243975,"Melbourne city, Florida",23096,2538,26507,4516,40558,7602,16195,3454,21491,2078,32149,6508,15256,2536
1600000US1245000,1245000,"Miami city, Florida",17917,902,20767,814,30459,1294,10610,579,15333,913,26350,1003,9879,266
1600000US1245025,1245025,"Miami Beach city, Florida",30261,2115,35610,4688,50444,5169,16201,3370,24421,3331,40577,5099,12591,2712
1600000US1245060,1245060,"Miami Gardens city, Florida",18969,1697,20048,2174,29514,4464,12100,1896,17946,2349,31025,2256,11726,1438
1600000US1245975,1245975,"Miramar city, Florida",26615,2185,27184,3672,40466,4501,15595,3629,24912,5485,38387,4760,9911,2081
1600000US1253000,1253000,"Orlando city, Florida",23914,1383,27353,2501,37985,4915,14328,2000,21465,1006,34510,4308,12359,849
1600000US1254000,1254000,"Palm Bay city, Florida",21317,1133,26785,4438,38413,6252,16707,2296,18358,1562,30789,2964,12135,888
1600000US1254200,1254200,"Palm Coast city, Florida",21369,1324,29388,4110,40558,7500,23741,4529,15997,1841,31190,1738,11529,793
1600000US1255775,1255775,"Pembroke Pines city, Florida",29958,2971,38338,4651,52115,3554,16340,1325,24472,3290,42146,4569,12728,1354
1600000US1256825,1256825,"Pine Hills CDP, Florida",17977,1019,19716,1381,28065,4256,12101,2141,16668,744,22592,3237,10733,872
1600000US1257425,1257425,"Plantation city, Florida",33119,4790,40189,3386,47805,4433,19475,2909,30335,2769,43986,4748,15412,2368
1600000US1258050,1258050,"Pompano Beach city, Florida",23757,2475,27397,2959,40378,3896,17855,2009,20296,1991,35974,4726,13241,1601
1600000US1258715,1258715,"Port St. Lucie city, Florida",25777,1343,27656,2306,37954,3624,18348,3982,22068,2303,34067,3364,14424,2045
1600000US1260950,1260950,"Riverview CDP, Florida",29234,3078,31939,4921,46025,9376,17167,2444,26314,3575,36342,2333,13710,2211
1600000US1263000,1263000,"St. Petersburg city, Florida",26034,984,31077,1187,42139,1870,16954,1145,22425,1528,35323,2731,13013,675
1600000US1268350,1268350,"Spring Hill CDP, Florida",20684,1233,26323,2462,41843,2328,18106,1301,17102,1313,33732,2911,11975,489
1600000US1269700,1269700,"Sunrise city, Florida",23603,3372,26945,5142,45923,4170,11934,1874,21678,2020,39426,4262,12478,1939
1600000US1270600,1270600,"Tallahassee city, Florida",21719,1132,24635,3456,40608,3485,10693,1183,20063,1943,34874,1876,10824,1073
1600000US1271000,1271000,"Tampa city, Florida",26090,1100,30959,1415,46311,2538,12255,840,22372,1707,40336,1812,11340,737
1600000US1271625,1271625,"The Villages CDP, Florida",26116,3231,42177,5119,58453,25834,41348,5055,16862,1484,41278,23412,16226,1813
1600000US1272145,1272145,"Town 'n' Country CDP, Florida",26067,2828,32024,3559,41956,7279,15774,3190,20030,2554,35101,4974,12390,1483
1600000US1276582,1276582,"Weston city, Florida",41982,6118,62982,5682,81090,18144,21422,5345,26773,7030,49220,4753,12397,2695
1600000US1276600,1276600,"West Palm Beach city, Florida",24319,2682,26241,1969,37365,10061,16057,1797,22198,2744,36058,3057,12161,994
1600000US1301052,1301052,"Albany city, Georgia",17768,1711,22820,2913,36219,6201,12740,2420,15490,1508,29632,3020,9995,767
1600000US1303440,1303440,"Athens-Clarke County unified government (balance), Georgia",15030,2114,18301,3547,33388,3842,9677,880,12268,1733,33107,3951,8259,730
1600000US1304000,1304000,"Atlanta city, Georgia",27707,2350,32076,2025,57399,6028,11654,770,24792,1595,45317,2031,11276,650
1600000US1304204,1304204,"Augusta-Richmond County consolidated government (balance), Georgia",20572,1114,22881,2631,38561,3733,11306,922,18211,1907,31848,1299,11370,820
1600000US1319000,1319000,"Columbus city, Georgia",22689,1374,28545,2501,40695,2368,12129,1369,18024,2409,33428,3802,11368,654
1600000US1342425,1342425,"Johns Creek city, Georgia",48080,8939,66553,22072,91842,11060,20744,17119,30960,4275,58838,9809,11015,3322
1600000US1349008,1349008,"Macon-Bibb County, Georgia",21309,1250,25563,1872,43233,5031,11492,1259,18520,2488,35246,4476,11815,956
1600000US1367284,1367284,"Roswell city, Georgia",36440,5141,46708,10805,66250,14258,19647,7323,28288,4678,50551,4473,13537,1977
1600000US1368516,1368516,"Sandy Springs city, Georgia",36720,3581,45939,7499,65048,11910,22073,3702,30459,2830,46528,8842,14399,3270
1600000US1369000,1369000,"Savannah city, Georgia",20787,1140,25165,1942,37464,3693,13051,2105,17291,1463,30759,2437,10775,781
1600000US1380508,1380508,"Warner Robins city, Georgia",26551,2393,35895,4765,50619,5022,16653,5877,21984,3721,31767,3432,10718,1579
1600000US1571550,1571550,"Urban Honolulu CDP, Hawaii",31007,708,36593,1134,46858,3087,17841,1823,26462,1070,40678,1312,13755,1082
1600000US1608830,1608830,"Boise City city, Idaho",25918,1232,31989,2996,50966,3816,14899,1698,21449,1234,41441,1686,13570,1296
1600000US1652120,1652120,"Meridian city, Idaho",30739,3206,36479,4585,51951,9355,24502,5592,23661,3181,34288,3807,11982,3266
1600000US1656260,1656260,"Nampa city, Idaho",21724,1435,25028,2703,33292,3131,15011,2630,18801,3077,28439,1541,11626,2168
1600000US1702154,1702154,"Arlington Heights village, Illinois",42008,4449,54581,4329,71058,8557,23860,5281,30437,3341,60357,7480,17071,3329
1600000US1703012,1703012,"Aurora city, Illinois",27905,2164,37046,4773,51950,1898,15299,1497,21401,1171,39001,2979,11564,1198
1600000US1706613,1706613,"Bloomington city, Illinois",30965,1440,38353,4040,60903,4511,14645,3491,24780,3141,39656,6053,12991,1568
1600000US1707133,1707133,"Bolingbrook village, Illinois",31919,4675,37837,5493,51089,3553,15244,4501,26257,3999,40086,3732,14180,1427
1600000US1712385,1712385,"Champaign city, Illinois",22777,2027,27994,4730,45910,5153,8163,2717,20219,3051,40827,6127,10733,2161
1600000US1714000,1714000,"Chicago city, Illinois",26600,346,30498,518,48119,1971,14419,557,23113,632,44307,1863,11892,183
1600000US1714351,1714351,"Cicero town, Illinois",20886,889,23636,2986,30559,1844,13383,2313,16210,1464,27767,3283,9190,963
1600000US1718823,1718823,"Decatur city, Illinois",22327,1599,28995,3078,46623,2786,15480,2560,18423,2705,39526,4245,12559,1192
1600000US1723074,1723074,"Elgin city, Illinois",26334,2834,32539,2683,46145,9224,16180,3766,19699,2059,39328,6716,11380,996
1600000US1724582,1724582,"Evanston city, Illinois",33417,4630,35536,7512,66434,17504,10504,2362,31827,5748,57059,7476,15531,3125
1600000US1738570,1738570,"Joliet city, Illinois",28985,1724,35679,3229,50290,2581,17949,2563,23249,2258,40023,4803,11575,798
1600000US1751622,1751622,"Naperville city, Illinois",46652,3622,66302,7717,100036,6283,19196,4614,31191,3622,57132,3751,14622,2172
1600000US1757225,1757225,"Palatine village, Illinois",37206,4556,48529,4354,60215,3712,21282,3795,30257,3189,46676,11462,16091,1576
1600000US1759000,1759000,"Peoria city, Illinois",26085,1447,36898,3550,60804,5845,15410,3519,19380,1817,36723,3491,11589,1232
1600000US1765000,1765000,"Rockford city, Illinois",21708,1012,26699,2382,44264,4868,14498,1527,18358,1237,36045,2828,11219,736
1600000US1768003,1768003,"Schaumburg village, Illinois",38440,3792,48917,5636,62213,6198,22504,5833,26468,3608,45695,3026,16409,2479
1600000US1770122,1770122,"Skokie village, Illinois",30965,2646,30351,6681,53093,9375,15701,2097,31288,2513,60019,11531,16082,2454
1600000US1772000,1772000,"Springfield city, Illinois",27008,1384,32216,2842,50987,2209,16779,1258,23553,1657,38436,2863,12841,1518
1600000US1779293,1779293,"Waukegan city, Illinois",21708,1265,26462,1967,32314,4433,14741,2198,18519,1608,30116,4745,10617,1451
1600000US1805860,1805860,"Bloomington city, Indiana",12241,1379,14892,3207,37079,8043,7028,1388,10362,2211,37409,8407,4991,885
1600000US1810342,1810342,"Carmel city, Indiana",49956,4755,76568,3884,95168,8005,30365,8541,30123,2996,60965,6633,17331,2207
1600000US1822000,1822000,"Evansville city, Indiana",22139,833,26832,2139,37125,2791,16091,1854,18354,1711,29649,1584,11559,888
1600000US1823278,1823278,"Fishers town, Indiana",46786,2290,60001,9689,76058,16246,25685,8073,35911,4431,55535,7432,12142,4855
1600000US1825000,1825000,"Fort Wayne city, Indiana",24239,1458,30187,1220,42202,1797,15249,1390,20523,928,34095,2020,13492,885
1600000US1827000,1827000,"Gary city, Indiana",16951,2020,18385,2287,35097,7027,10848,1213,15784,2845,28788,3875,10499,1609
1600000US1831000,1831000,"Hammond city, Indiana",21676,1536,30298,3013,40097,4417,13973,3168,15549,1871,32525,4382,11385,688
1600000US1836003,1836003,"Indianapolis city (balance), Indiana",24691,963,27057,849,41863,901,14417,939,22074,814,36745,841,12301,447
1600000US1840788,1840788,"Lafayette city, Indiana",23147,2090,27083,2949,37931,4869,17958,3320,19317,2320,30622,1706,11640,1157
1600000US1851876,1851876,"Muncie city, Indiana",15405,1172,17509,2035,37348,4922,11080,1428,12424,1625,29144,3215,8363,1157
1600000US1871000,1871000,"South Bend city, Indiana",21182,707,24176,2297,36308,1328,14609,2386,19184,1418,30325,2066,12281,1223
1600000US1912000,1912000,"Cedar Rapids city, Iowa",32415,2277,41591,1655,51875,3605,17809,2662,25727,2239,40139,1966,13547,1820
1600000US1919000,1919000,"Davenport city, Iowa",26398,1537,34807,3374,46681,3496,15323,3283,21041,1832,36548,2365,13363,1408
1600000US1921000,1921000,"Des Moines city, Iowa",25432,1185,31175,1386,43470,3174,14429,1330,21081,1192,34506,1982,12149,906
1600000US1938595,1938595,"Iowa City city, Iowa",21576,2749,23525,4942,52392,9187,7758,1157,19454,5272,42232,4271,10848,1290
1600000US1973335,1973335,"Sioux City city, Iowa",22999,1889,27193,3097,42132,4448,13953,1989,20389,1685,33258,2166,11660,1259
1600000US1982425,1982425,"Waterloo city, Iowa",27472,1961,35485,2645,46340,3116,20327,1909,22198,1423,33048,3562,12410,1594
1600000US2036000,2036000,"Kansas City city, Kansas",21404,878,23793,2025,36734,2510,14693,1583,19313,1277,31289,1615,11429,707
1600000US2038900,2038900,"Lawrence city, Kansas",20025,1970,26121,3324,50209,4666,11415,2629,15764,1672,38847,3945,10875,966
1600000US2052575,2052575,"Olathe city, Kansas",34067,2737,46292,2252,56224,4573,17465,2886,24286,1724,42008,2813,13401,1906
1600000US2053775,2053775,"Overland Park city, Kansas",37220,1848,47492,5135,70142,5337,21631,1682,30153,2097,50114,3152,14814,1767
1600000US2071000,2071000,"Topeka city, Kansas",25947,1158,30579,1779,43582,3139,16085,1548,23200,1617,35879,2264,13663,1342
1600000US2079000,2079000,"Wichita city, Kansas",26334,731,32228,1030,46671,1926,16072,959,20513,840,35487,1553,12059,474
1600000US2146027,2146027,"Lexington-Fayette urban county, Kentucky",25096,1008,28684,3214,44330,3338,12756,960,22162,963,38034,3032,12320,828
1600000US2148006,2148006,"Louisville/Jefferson County metro government (balance), Kentucky",25137,840,29870,1579,46029,1424,13776,1237,21239,859,38221,1715,11921,439
1600000US2205000,2205000,"Baton Rouge city, Louisiana",21620,936,25808,2939,40933,1768,11486,970,19026,1644,32021,2033,10444,963
1600000US2208920,2208920,"Bossier City city, Louisiana",26060,1729,35462,4432,48085,5879,16128,2837,20542,2292,29658,4357,13098,2020
1600000US2239475,2239475,"Kenner city, Louisiana",26840,2135,33996,3388,41704,8275,17469,2650,18980,2733,31720,5047,11635,1076
1600000US2240735,2240735,"Lafayette city, Louisiana",25852,1336,35023,5216,47852,7832,18325,1945,19691,2030,29153,5376,12967,1707
1600000US2241155,2241155,"Lake Charles city, Louisiana",20618,2213,26068,2224,47473,6499,17218,4809,15663,1867,25934,5610,11814,1475
1600000US2250115,2250115,"Metairie CDP, Louisiana",30222,1310,36208,1455,47992,4082,19764,2066,22892,2899,38525,3535,13412,1502
1600000US2255000,2255000,"New Orleans city, Louisiana",23111,1085,27824,2069,45934,3747,12160,673,20388,853,36367,1738,11318,441
1600000US2270000,2270000,"Shreveport city, Louisiana",21851,1007,29337,3024,44443,4866,13891,1815,18392,1614,31239,1393,10665,887
1600000US2360545,2360545,"Portland city, Maine",27150,2297,31186,3876,42079,8818,16321,3517,25229,2054,40382,5974,15989,1433
1600000US2404000,2404000,"Baltimore city, Maryland",25226,878,27267,1227,47558,1520,11760,602,23006,1338,40989,1125,12262,585
1600000US2407125,2407125,"Bethesda CDP, Maryland",73560,8435,106088,8093,143250,14911,54867,13014,53534,6280,94140,11189,26668,6365
1600000US2419125,2419125,"Columbia CDP, Maryland",50293,4011,64241,4556,81555,6195,21795,5245,40027,4296,66068,5175,16844,1656
1600000US2426000,2426000,"Ellicott City CDP, Maryland",55484,4688,81047,9796,100383,8237,26381,9058,40129,6033,70679,9821,16278,2050
1600000US2430325,2430325,"Frederick city, Maryland",35238,3668,45242,6479,52377,11994,25426,5087,30681,2338,49804,4852,14029,4249
1600000US2431175,2431175,"Gaithersburg city, Maryland",32557,5251,37735,7564,50747,4965,19981,3720,30221,3407,58254,7803,16739,4767
1600000US2432025,2432025,"Germantown CDP, Maryland",44843,5084,51752,5979,66130,8057,16326,4752,38713,3955,60059,7050,13951,2430
1600000US2432650,2432650,"Glen Burnie CDP, Maryland",31724,2089,35757,7459,49718,4355,20859,4610,24931,4100,42286,5006,13519,2090
1600000US2467675,2467675,"Rockville city, Maryland",48499,7182,61692,6441,78964,8020,21373,7081,33439,4848,66985,4612,15710,3306
1600000US2472450,2472450,"Silver Spring CDP, Maryland",39181,3750,42140,6849,54276,11648,24718,3958,35088,7426,56491,7343,13242,3943
1600000US2481175,2481175,"Waldorf CDP, Maryland",39128,3296,47160,3738,60870,9100,18783,6471,32360,4959,52404,5862,13599,1627
1600000US2507000,2507000,"Boston city, Massachusetts",28066,1484,32305,1750,60792,1320,12094,504,23829,1505,51925,934,10491,465
1600000US2509000,2509000,"Brockton city, Massachusetts",23143,2255,27579,4268,48046,4414,12613,2066,20871,2662,36765,4442,12544,1291
1600000US2511000,2511000,"Cambridge city, Massachusetts",36922,2392,40677,4776,76116,5489,12359,2307,34601,4734,58279,4510,13665,3461
1600000US2523000,2523000,"Fall River city, Massachusetts",20715,1184,24748,2351,42082,4107,12786,1742,17194,1624,35778,2165,12450,919
1600000US2524960,2524960,"Framingham CDP, Massachusetts",29170,2699,39718,4074,56135,8528,15758,4161,21719,1936,50589,8762,15671,2387
1600000US2534550,2534550,"Lawrence city, Massachusetts",21023,1098,24237,4643,36988,5103,9876,1057,18792,3082,30649,2103,10513,888
1600000US2537000,2537000,"Lowell city, Massachusetts",21141,1182,23066,2164,42445,5875,11748,1345,19083,2559,37723,3344,10891,1041
1600000US2537490,2537490,"Lynn city, Massachusetts",27283,2044,32225,2490,45431,6238,13959,1870,21973,2605,40014,6634,11299,737
1600000US2545000,2545000,"New Bedford city, Massachusetts",21415,950,27312,2286,43466,4818,14674,1318,16583,1885,37963,4270,11308,661
1600000US2545560,2545560,"Newton city, Massachusetts",46121,2864,55002,6615,111467,14137,16807,4773,36413,6391,76213,6672,17218,3425
1600000US2555745,2555745,"Quincy city, Massachusetts",35121,3149,42326,4560,62144,4717,20885,2796,27610,4641,48758,4639,14218,1852
1600000US2562535,2562535,"Somerville city, Massachusetts",35598,3013,39024,5034,61019,3007,18367,4576,31494,2369,47148,5761,13521,1807
1600000US2567000,2567000,"Springfield city, Massachusetts",19489,1893,24073,2389,40785,2148,11195,851,16687,1485,38663,2739,11206,552
1600000US2582000,2582000,"Worcester city, Massachusetts",21038,1442,25878,2308,49296,2504,11723,1017,17588,1660,40434,3273,11420,620
1600000US2603000,2603000,"Ann Arbor city, Michigan",30495,1646,31985,3725,63837,4345,16758,2663,28476,4124,54802,5263,17124,2981
1600000US2621000,2621000,"Dearborn city, Michigan",23778,2290,30082,4236,45246,8183,16055,2569,16756,1890,44732,7423,11399,1085
1600000US2622000,2622000,"Detroit city, Michigan",15806,372,16818,566,32086,1484,10681,468,15020,548,30189,1021,10635,367
1600000US2627440,2627440,"Farmington Hills city, Michigan",40128,3527,50731,1991,69580,8158,26401,6210,30936,2220,48947,3542,16361,2105
1600000US2629000,2629000,"Flint city, Michigan",15786,981,16131,1269,32701,5716,12176,1228,15370,1379,28889,3938,10963,998
1600000US2634000,2634000,"Grand Rapids city, Michigan",20690,1025,23695,2956,37183,3761,11878,777,17902,1548,37440,2044,11104,681
1600000US2642160,2642160,"Kalamazoo city, Michigan",14847,1894,15469,3195,36088,2275,9608,1406,14254,2550,30407,2151,8951,850
1600000US2646000,2646000,"Lansing city, Michigan",21181,976,25579,3124,40186,2377,13633,1841,19142,1285,34377,3983,12064,1033
1600000US2649000,2649000,"Livonia city, Michigan",32441,2115,41126,1954,56600,4449,23714,2873,23493,2613,47009,3431,13647,1536
1600000US2669035,2669035,"Rochester Hills city, Michigan",42407,4351,60827,7741,81056,7240,20145,6668,30804,3022,53226,4029,15291,3016
1600000US2674900,2674900,"Southfield city, Michigan",29962,2912,32750,5378,55740,12093,20140,6497,26816,2760,41658,7728,15569,1706
1600000US2676460,2676460,"Sterling Heights city, Michigan",27631,1554,34833,4198,51191,2694,21023,1621,22428,1704,39820,4816,14138,1272
1600000US2680700,2680700,"Troy city, Michigan",41200,3163,54074,7952,80356,5121,21420,2710,30610,2595,63332,4476,15723,1486
1600000US2684000,2684000,"Warren city, Michigan",23154,1703,30086,3126,46306,4888,15905,1843,18455,1928,34639,3195,12777,1164
1600000US2686000,2686000,"Westland city, Michigan",25191,1897,31328,2775,43571,5376,17934,2527,20240,1895,38795,4724,12508,1559
1600000US2688940,2688940,"Wyoming city, Michigan",23135,1552,26935,3309,39428,2625,14743,1570,20858,1482,31697,4917,14715,1632
1600000US2706616,2706616,"Bloomington city, Minnesota",32358,2407,36118,3198,54536,2940,18097,3227,29754,3374,43580,3999,16590,1758
1600000US2707966,2707966,"Brooklyn Park city, Minnesota",30871,2266,36219,6259,42441,4119,15992,4642,27005,3478,40236,3397,15662,1514
1600000US2717000,2717000,"Duluth city, Minnesota",21083,1405,25723,2542,49276,4540,11590,965,17970,1839,38655,3444,11278,645
1600000US2717288,2717288,"Eagan city, Minnesota",42621,2892,55184,5032,64406,3685,26098,4039,35257,2700,50183,4400,18236,2678
1600000US2740166,2740166,"Maple Grove city, Minnesota",46273,4717,57065,6793,72754,8012,31137,4822,36117,5454,66363,5931,15963,2632
1600000US2743000,2743000,"Minneapolis city, Minnesota",27135,927,29778,1697,50358,1529,12804,1056,25156,1203,48662,2651,11186,579
1600000US2751730,2751730,"Plymouth city, Minnesota",41460,3129,50984,4676,75540,8861,20797,7400,32852,4226,53912,4493,16443,2655
1600000US2754880,2754880,"Rochester city, Minnesota",33739,3816,41393,1828,53520,4488,19235,4167,27212,2804,49066,4966,15945,1767
1600000US2756896,2756896,"St. Cloud city, Minnesota",22157,1692,25667,1806,42414,5824,11819,1442,18605,3699,31744,1320,11174,1396
1600000US2758000,2758000,"St. Paul city, Minnesota",24501,1024,27199,1328,46563,2796,12735,1148,22051,1166,42393,2500,11596,552
1600000US2771428,2771428,"Woodbury city, Minnesota",51858,4611,64204,4431,72460,10687,32873,16364,41850,6413,64455,6289,16997,5373
1600000US2829700,2829700,"Gulfport city, Mississippi",20323,1525,22622,3009,31987,6571,13635,2863,17540,2236,29667,3680,9586,1150
1600000US2836000,2836000,"Jackson city, Mississippi",19822,1311,21493,1446,35109,4583,11159,1197,18286,1839,31489,2459,10683,1082
1600000US2915670,2915670,"Columbia city, Missouri",22342,2008,25167,3563,43848,5332,9520,2054,19278,4375,36202,2376,8573,1240
1600000US2935000,2935000,"Independence city, Missouri",25458,1743,30373,1937,42355,3494,18042,2103,20215,2571,33901,2275,13087,1551
1600000US2938000,2938000,"Kansas City city, Missouri",26703,899,30668,968,46411,1322,15495,1063,23235,1466,38953,2231,12290,540
1600000US2941348,2941348,"Lee's Summit city, Missouri",38215,3562,48023,3258,64116,7951,23698,3248,30482,5971,50079,2902,15523,2163
1600000US2954074,2954074,"O'Fallon city, Missouri",39679,3580,47285,4224,68158,4294,18493,4059,28349,3390,45607,2758,13379,2610
1600000US2964082,2964082,"St. Charles city, Missouri",28396,2420,35291,4771,60908,6915,18819,3496,23098,2057,38661,2801,15234,2834
1600000US2964550,2964550,"St. Joseph city, Missouri",21949,1527,28499,3341,42265,3837,15232,1528,17042,1581,35917,3273,10692,899
1600000US2965000,2965000,"St. Louis city, Missouri",21301,930,24979,1397,44540,4569,11852,664,18597,1023,36382,2018,10501,503
1600000US2970000,2970000,"Springfield city, Missouri",18395,1139,20844,1406,36054,2412,11242,737,16243,1078,30711,1087,10618,909
1600000US3006550,3006550,"Billings city, Montana",26168,1375,33336,2053,47279,6549,17460,2585,21485,1143,31654,1462,13267,978
1600000US3050200,3050200,"Missoula city, Montana",21866,1784,27030,5705,49925,5778,13877,1940,19295,3635,31719,2060,10939,1413
1600000US3128000,3128000,"Lincoln city, Nebraska",25586,703,30617,1324,42424,2094,13235,1781,21715,936,35502,1258,11967,598
1600000US3137000,3137000,"Omaha city, Nebraska",26725,539,31278,840,45010,2165,14391,1048,22322,655,36858,1026,12335,536
1600000US3223770,3223770,"Enterprise CDP, Nevada",33622,3364,40987,1900,50857,4086,21387,2019,28803,3097,41186,1773,15301,2773
1600000US3231900,3231900,"Henderson city, Nevada",31165,726,38022,2958,55292,5773,22179,1754,24989,1978,42392,4545,14682,805
1600000US3240000,3240000,"Las Vegas city, Nevada",26260,725,30569,836,42221,1559,17090,935,22245,877,36557,1250,13509,704
1600000US3251800,3251800,"North Las Vegas city, Nevada",25833,817,30306,1489,37360,2123,17703,2189,20713,1894,33117,2842,11003,1036
1600000US3254600,3254600,"Paradise CDP, Nevada",26396,1173,27790,1778,39840,1934,14420,1655,24626,2302,35824,1685,14693,1156
1600000US3260600,3260600,"Reno city, Nevada",25434,1236,29276,2517,41294,1310,16087,1294,22154,1112,37192,2553,14484,1503
1600000US3268400,3268400,"Sparks city, Nevada",30053,2015,33667,3342,46019,5767,18358,1944,24655,1994,39111,3190,15382,1859
1600000US3268585,3268585,"Spring Valley CDP, Nevada",27155,1068,31622,1516,40474,2046,19785,1861,24149,1720,32395,3940,14067,1006
1600000US3271400,3271400,"Sunrise Manor CDP, Nevada",21201,889,25063,1664,34823,2113,15722,1225,17834,1358,30088,2004,11259,950
1600000US3345140,3345140,"Manchester city, New Hampshire",27588,2039,32407,3614,49185,3274,16268,1987,24156,2575,38808,4263,13252,1268
1600000US3350260,3350260,"Nashua city, New Hampshire",31665,1661,40130,4395,58886,6061,16802,2126,25509,3751,44140,2705,12127,1161
1600000US3403580,3403580,"Bayonne city, New Jersey",31136,2030,37726,8619,51873,4043,13660,4020,26456,3393,42344,10595,12431,1591
1600000US3410000,3410000,"Camden city, New Jersey",16555,1336,19182,2987,28042,3745,9986,1438,14757,2384,30279,2192,9853,841
1600000US3413690,3413690,"Clifton city, New Jersey",35139,4733,47813,7541,60250,6891,21424,2231,29276,4877,41822,8132,11664,2071
1600000US3419390,3419390,"East Orange city, New Jersey",24088,2612,26439,1939,40601,3740,13031,2087,21170,2276,36842,2100,12495,1258
1600000US3421000,3421000,"Elizabeth city, New Jersey",21970,886,26596,1520,34712,5763,12448,1573,18545,1051,29377,4945,11288,2103
1600000US3436000,3436000,"Jersey City city, New Jersey",32089,1758,40698,3282,58379,5429,15767,1851,23696,2314,47686,3872,11446,772
1600000US3451000,3451000,"Newark city, New Jersey",19214,1115,22202,1526,37219,2938,12426,1043,16360,1250,32867,2131,10564,493
1600000US3456550,3456550,"Passaic city, New Jersey",20760,1140,23692,2273,30539,4104,11379,1306,16037,1277,24549,3594,10404,989
1600000US3457000,3457000,"Paterson city, New Jersey",20267,1555,24675,2817,35723,2016,11319,815,16288,1215,31135,1074,9540,478
1600000US3473110,3473110,"Toms River CDP, New Jersey",32473,3925,41802,4393,61929,4409,23280,2273,25595,2458,49123,6481,12139,1557
1600000US3474000,3474000,"Trenton city, New Jersey",17312,1232,17052,1330,27368,5716,11066,1073,18014,2539,37373,5189,10144,1374
1600000US3474630,3474630,"Union City city, New Jersey",21311,920,26080,2517,36884,5084,15784,3081,16989,1496,27276,6394,11038,792
1600000US3502000,3502000,"Albuquerque city, New Mexico",26208,861,31520,1144,45122,3118,14038,1089,21617,785,38084,3341,13099,908
1600000US3539380,3539380,"Las Cruces city, New Mexico",21592,1249,22832,3468,37124,7167,12129,2217,20596,2011,32692,5894,11782,1834
1600000US3563460,3563460,"Rio Rancho city, New Mexico",31700,1358,35495,3764,45926,5183,18827,4736,27000,4492,40354,5036,12634,2085
1600000US3570500,3570500,"Santa Fe city, New Mexico",27874,3007,30464,2870,39447,10979,19394,2501,26014,1497,40343,8264,17984,3960
1600000US3601000,3601000,"Albany city, New York",25307,2828,28210,2961,43353,4910,11069,1298,21113,3118,45003,6008,10696,1196
1600000US3608026,3608026,"Brentwood CDP, New York",27451,3436,30845,2375,36581,1939,13956,3819,23762,2872,35717,3150,13111,2241
1600000US3611000,3611000,"Buffalo city, New York",20136,863,22894,1280,36559,3201,12538,1145,16899,1083,33393,2252,11224,578
1600000US3615000,3615000,"Cheektowaga CDP, New York",25341,1586,32208,3205,43344,5473,19342,4077,20135,1996,37128,3760,12425,1232
1600000US3649121,3649121,"Mount Vernon city, New York",27759,4324,28061,4840,43575,8982,15970,2817,27498,5556,42406,3317,15399,1771
1600000US3650617,3650617,"New Rochelle city, New York",32303,5951,37828,7754,65230,7142,16258,3343,27851,5740,54809,7657,12187,2061
1600000US3651000,3651000,"New York city, New York",27640,458,31931,280,50837,363,14024,315,23794,477,46583,607,11622,122
1600000US3663000,3663000,"Rochester city, New York",18978,861,20776,1071,35196,2556,11713,670,17391,1143,32197,1317,11204,699
1600000US3665508,3665508,"Schenectady city, New York",22321,2243,22208,3130,39295,6934,12348,2494,22481,3274,35673,8562,14087,2559
1600000US3673000,3673000,"Syracuse city, New York",17302,1119,20682,1954,42169,1850,10720,1154,15487,1038,35834,3342,10299,823
1600000US3684000,3684000,"Yonkers city, New York",31380,1434,35593,5126,53600,4328,18004,1556,27799,3918,50584,3229,13641,2084
1600000US3702140,3702140,"Asheville city, North Carolina",26561,2224,29662,2431,40543,5704,17788,2868,23742,2375,37630,4402,14709,2139
1600000US3710740,3710740,"Cary town, North Carolina",39551,2871,60099,6850,82568,10970,19495,3708,29112,2485,55289,6521,15983,1775
1600000US3712000,3712000,"Charlotte city, North Carolina",29721,1274,35427,1259,49923,2990,14828,1180,23789,1378,40703,1213,12277,504
1600000US3714100,3714100,"Concord city, North Carolina",25181,2448,31638,4004,50167,3221,14432,3438,20673,1447,38493,7005,11982,1259
1600000US3719000,3719000,"Durham city, North Carolina",29987,1148,30952,1093,41674,1255,16305,3267,28571,1749,43383,3496,14095,1465
1600000US3722920,3722920,"Fayetteville city, North Carolina",25515,1003,30987,1023,36564,1847,17353,2081,20486,1092,31921,1047,11503,652
1600000US3725580,3725580,"Gastonia city, North Carolina",21810,1499,26398,2273,40567,2572,17992,2870,17462,2898,36394,3713,11192,1260
1600000US3728000,3728000,"Greensboro city, North Carolina",24257,1146,27722,1520,40243,2579,15816,1331,21242,1052,37232,1920,11942,612
1600000US3728080,3728080,"Greenville city, North Carolina",19107,2963,18092,3350,38752,3254,9978,1730,20146,3756,33782,1830,8880,1207
1600000US3731400,3731400,"High Point city, North Carolina",23733,2308,25889,1844,41561,3183,14069,1253,21259,1539,34591,2185,11412,895
1600000US3734200,3734200,"Jacksonville city, North Carolina",21813,1145,22267,1653,26104,1517,11414,2573,20383,2297,31909,7036,13646,2797
1600000US3755000,3755000,"Raleigh city, North Carolina",30508,952,32929,3551,49773,2682,14389,1226,26959,1723,40460,1521,13006,1244
1600000US3774440,3774440,"Wilmington city, North Carolina",23492,2093,30665,2546,46229,2527,12000,1697,17629,2023,36824,3515,11095,900
1600000US3775000,3775000,"Winston-Salem city, North Carolina",22883,1362,26460,1867,41563,2087,12634,2238,20824,1291,36448,1846,11998,754
1600000US3807200,3807200,"Bismarck city, North Dakota",31734,1079,40866,1284,48349,5443,19955,4346,25794,3088,37041,2374,14561,2227
1600000US3825700,3825700,"Fargo city, North Dakota",25953,1464,30415,2742,46536,4846,12922,1734,22398,1791,36353,1465,13881,1971
1600000US3901000,3901000,"Akron city, Ohio",20950,1013,25008,2065,41439,2858,14151,1309,17589,1243,30218,1432,11233,682
1600000US3912000,3912000,"Canton city, Ohio",17354,1552,23137,1993,36879,2522,12156,1351,14116,1417,25354,2300,10701,1294
1600000US3915000,3915000,"Cincinnati city, Ohio",21473,834,24498,2831,44321,3839,12334,936,19709,1394,37456,2224,11753,673
1600000US3916000,3916000,"Cleveland city, Ohio",16324,521,18806,1154,38306,2296,9901,419,14993,667,31926,829,10176,422
1600000US3918000,3918000,"Columbus city, Ohio",26048,557,30280,838,43010,2621,12022,572,22929,995,39415,1900,11456,556
1600000US3921000,3921000,"Dayton city, Ohio",15896,1094,17376,1540,35245,2995,10036,1013,14569,1523,31606,1477,9610,657
1600000US3944856,3944856,"Lorain city, Ohio",19259,2444,27129,4534,42709,3179,13582,2526,15910,1804,34945,4459,10400,1575
1600000US3961000,3961000,"Parma city, Ohio",27584,1686,31748,1355,46443,4160,21424,2396,22407,1762,39644,4217,15579,1223
1600000US3977000,3977000,"Toledo city, Ohio",20387,692,23891,1541,41649,2203,11717,636,17365,952,33238,2282,11378,514
1600000US3988000,3988000,"Youngstown city, Ohio",14595,1099,14811,1947,34226,5196,10240,1161,14451,1516,26490,3493,10829,1041
1600000US4009050,4009050,"Broken Arrow city, Oklahoma",35520,1345,46448,1532,54058,3967,19095,2068,27261,1819,40129,2487,12419,916
1600000US4023200,4023200,"Edmond city, Oklahoma",33437,4290,50352,2793,76862,7720,21208,4190,22472,5129,45940,5344,12355,2363
1600000US4041850,4041850,"Lawton city, Oklahoma",21214,1589,23252,3046,42092,7049,9916,1284,19496,1865,32440,3746,11307,1117
1600000US4052500,4052500,"Norman city, Oklahoma",24920,1688,29386,2399,41677,2611,12776,2812,21313,1735,36334,2704,11002,1632
1600000US4055000,4055000,"Oklahoma City city, Oklahoma",26554,419,30909,751,45247,2579,15913,951,22607,868,36291,1279,11886,436
1600000US4075000,4075000,"Tulsa city, Oklahoma",25763,515,30983,584,40630,912,15373,1002,21222,673,34637,1210,12290,506
1600000US4105350,4105350,"Beaverton city, Oregon",30699,1579,33197,3339,59143,4119,18143,3275,25834,3802,45897,3837,14816,2941
1600000US4105800,4105800,"Bend city, Oregon",28503,4751,35059,7928,50980,4494,19210,4408,24969,4468,43722,5546,15545,2106
1600000US4123850,4123850,"Eugene city, Oregon",21205,1096,25835,1766,45159,5339,13764,1903,17461,1248,44731,3841,13352,1268
1600000US4131250,4131250,"Gresham city, Oregon",22185,1615,27508,4539,38390,5053,15389,1999,19149,1955,35690,6477,12497,1701
1600000US4134100,4134100,"Hillsboro city, Oregon",31777,2147,42579,6229,57971,7859,23901,4574,22093,3062,41095,1719,11837,1566
1600000US4147000,4147000,"Medford city, Oregon",21743,994,26616,3854,45178,5570,17581,2040,18336,2374,35509,4040,12229,1400
1600000US4159000,4159000,"Portland city, Oregon",26942,733,30702,885,51393,2107,15600,859,23863,1101,46000,1431,13412,725
1600000US4164900,4164900,"Salem city, Oregon",22509,1708,26221,2121,36834,2645,15218,2492,19775,1897,37585,4219,12986,1465
1600000US4202000,4202000,"Allentown city, Pennsylvania",19260,1854,21561,2321,39077,2622,11377,1100,17209,1848,30296,1655,10392,843
1600000US4206088,4206088,"Bethlehem city, Pennsylvania",21353,1209,26381,4368,45777,6075,11091,1337,19279,1722,36259,4141,11666,866
1600000US4224000,4224000,"Erie city, Pennsylvania",18689,1599,20888,1460,36689,4135,11453,1514,16561,1902,30763,2556,10409,1037
1600000US4260000,4260000,"Philadelphia city, Pennsylvania",22197,500,25802,788,44149,2900,12237,502,20128,531,40631,902,11382,292
1600000US4261000,4261000,"Pittsburgh city, Pennsylvania",22860,1175,26234,1257,44936,3579,12166,970,19641,1323,39346,2446,11409,574
1600000US4263624,4263624,"Reading city, Pennsylvania",14174,1000,18134,2639,32272,2944,9949,1317,12012,1445,27327,6172,9049,554
1600000US4269000,4269000,"Scranton city, Pennsylvania",18542,1615,24702,3118,38088,4864,12641,1755,15220,1253,35016,2412,10700,843
1600000US4419180,4419180,"Cranston city, Rhode Island",27122,1678,31589,2876,52016,4339,16648,2871,23119,2959,46672,3367,12320,1299
1600000US4454640,4454640,"Pawtucket city, Rhode Island",21548,1819,24577,2784,41250,2612,11681,1920,18594,3364,35408,3258,11196,1145
1600000US4459000,4459000,"Providence city, Rhode Island",18239,1572,23883,2664,40694,2626,11419,1564,14498,1042,32508,3403,8915,704
1600000US4474300,4474300,"Warwick city, Rhode Island",32486,1910,37598,3462,53677,4959,21981,3118,26367,2036,46487,5173,14809,1705
1600000US4513330,4513330,"Charleston city, South Carolina",30540,1670,35973,2514,51685,2394,14275,3144,25720,1958,37933,4118,14678,1973
1600000US4516000,4516000,"Columbia city, South Carolina",17304,1350,20277,2264,36943,4832,11166,907,15445,1609,36063,1968,10533,906
1600000US4548535,4548535,"Mount Pleasant town, South Carolina",40762,2480,59035,7929,66348,5558,26561,8293,31249,3591,52563,5927,11594,3009
1600000US4550875,4550875,"North Charleston city, South Carolina",22014,1263,25666,1781,35543,2707,11241,1562,19108,1969,33837,4603,11378,826
1600000US4561405,4561405,"Rock Hill city, South Carolina",20848,2313,26931,2894,36443,4314,15267,2786,15128,2127,31059,5893,10021,1568
1600000US4652980,4652980,"Rapid City city, South Dakota",25106,1973,29532,3175,39738,3325,17407,2188,21552,1787,32714,4121,13111,1624
1600000US4659020,4659020,"Sioux Falls city, South Dakota",29408,1577,34258,2297,42197,2890,15546,2512,26088,1074,34659,1833,13445,1685
1600000US4714000,4714000,"Chattanooga city, Tennessee",22151,1532,27421,2363,40788,3339,13878,1570,18579,2095,35425,2512,11263,850
1600000US4715160,4715160,"Clarksville city, Tennessee",25522,1520,34331,2042,45019,4642,13215,2247,18061,3401,31954,2264,10188,1240
1600000US4727740,4727740,"Franklin city, Tennessee",36696,3454,53793,6295,75356,9212,18197,5093,27194,6605,52305,7385,15742,2243
1600000US4737640,4737640,"Jackson city, Tennessee",19514,2163,25579,6460,40444,2777,11575,1696,16509,1802,36080,2759,11128,1057
1600000US4738320,4738320,"Johnson City city, Tennessee",20566,1874,22992,4344,39047,5977,13826,1696,18115,2147,32727,7595,11589,1504
1600000US4740000,4740000,"Knoxville city, Tennessee",18998,1326,21752,1285,36325,3434,12048,1180,16575,863,34472,3806,11354,764
1600000US4748000,4748000,"Memphis city, Tennessee",20629,523,22791,1063,35281,1756,11978,529,18281,1002,34614,1781,11227,398
1600000US4751560,4751560,"Murfreesboro city, Tennessee",25194,2092,29669,5582,47237,7386,11827,1368,21438,1790,40294,5337,10612,1473
1600000US4752006,4752006,"Nashville-Davidson metropolitan government (balance), Tennessee",26449,613,29060,1471,41065,1191,14815,975,24304,1202,38809,1764,12719,844
1600000US4801000,4801000,"Abilene city, Texas",20875,1290,24966,2015,37948,2754,11366,1750,17177,1596,27455,3579,10263,1073
1600000US4801924,4801924,"Allen city, Texas",45457,4145,61932,5344,87365,15377,12622,4346,26508,8185,60076,5512,9961,1697
1600000US4803000,4803000,"Amarillo city, Texas",25860,1026,32412,2776,45720,2725,13282,2023,20681,1049,31982,1456,11755,1010
1600000US4804000,4804000,"Arlington city, Texas",27016,857,31855,1430,44399,3333,13636,1497,22460,1778,39445,2644,11372,691
1600000US4804462,4804462,"Atascocita CDP, Texas",44230,6122,52386,6183,70314,9243,16721,2702,36304,6195,50551,3001,16384,4620
1600000US4805000,4805000,"Austin city, Texas",31573,576,36113,1049,49790,3292,15923,921,27263,904,42576,1306,13409,999
1600000US4806128,4806128,"Baytown city, Texas",26403,5076,40847,2914,50986,2305,12501,2515,16969,2503,39532,7311,11128,1515
1600000US4807000,4807000,"Beaumont city, Texas",23799,2575,30484,1683,41600,6390,12078,2237,17889,2125,36405,7777,11419,1070
1600000US4810768,4810768,"Brownsville city, Texas",16243,868,18294,1838,30834,2791,9842,780,14223,1437,26526,2222,9307,460
1600000US4810912,4810912,"Bryan city, Texas",21986,1927,28560,3950,34676,4032,11385,3476,17544,3229,33621,4549,9759,1268
1600000US4813024,4813024,"Carrollton city, Texas",31963,1349,39705,3414,51574,3511,16927,4370,28325,2308,43170,3901,15112,1790
1600000US4815976,4815976,"College Station city, Texas",15528,1954,20340,2155,43344,5143,9537,1740,12702,1949,33767,5424,7344,986
1600000US4816432,4816432,"Conroe city, Texas",24109,3898,28803,4966,38167,6057,13633,2588,17832,4794,29817,7540,10772,2030
1600000US4817000,4817000,"Corpus Christi city, Texas",25139,1282,33793,3477,46277,2491,14376,1891,19267,1166,32615,3308,10349,684
1600000US4819000,4819000,"Dallas city, Texas",25312,437,28588,1489,38547,2116,13844,859,20977,568,35989,1281,11489,324
1600000US4819972,4819972,"Denton city, Texas",22077,1748,26809,3417,45228,4093,11836,1452,17716,2317,42228,5735,10099,1154
1600000US4822660,4822660,"Edinburg city, Texas",20437,4085,26035,8338,42046,5943,10544,1834,16669,4744,40587,9925,8178,1615
1600000US4824000,4824000,"El Paso city, Texas",20684,651,25736,1112,38300,2202,11605,521,16327,706,30688,1359,9783,306
1600000US4826232,4826232,"Flower Mound town, Texas",49322,4277,67168,5707,86378,7344,19063,2821,36480,7538,56588,5113,12717,2685
1600000US4827000,4827000,"Fort Worth city, Texas",26352,740,31327,1062,44059,3155,14421,1323,22043,959,39659,2644,11532,508
1600000US4827684,4827684,"Frisco city, Texas",57361,5128,80966,4884,100871,2834,22337,5856,36827,4629,64348,6199,12100,1342
1600000US4829000,4829000,"Garland city, Texas",25065,1197,27265,1377,36326,2308,16460,1336,20563,1768,35760,2427,11116,1098
1600000US4830464,4830464,"Grand Prairie city, Texas",29222,2536,32344,3410,46720,4065,12759,4164,24253,2757,38507,2933,10245,947
1600000US4832372,4832372,"Harlingen city, Texas",18471,2625,22907,2640,36654,4981,13497,1731,14499,2400,25334,6942,9649,1109
1600000US4835000,4835000,"Houston city, Texas",25094,457,29535,1167,40819,580,14339,582,20937,464,35931,830,11382,288
1600000US4837000,4837000,"Irving city, Texas",26424,913,30780,1485,40811,1784,17534,2275,21442,1628,36784,2311,12487,1159
1600000US4839148,4839148,"Killeen city, Texas",27271,1668,35324,3037,41569,3283,15207,3172,21414,2397,32005,2652,12048,1283
1600000US4841464,4841464,"Laredo city, Texas",18712,961,22844,1540,36376,2017,10841,1048,15063,1104,27316,3141,8936,543
1600000US4841980,4841980,"League City city, Texas",40082,5494,55812,14970,77719,4065,20694,3655,27452,5811,50339,3417,14238,2857
1600000US4842508,4842508,"Lewisville city, Texas",31436,1634,33441,4168,41329,3544,14068,4552,28656,3182,41841,3166,13203,2267
1600000US4843888,4843888,"Longview city, Texas",23552,2861,30751,2479,46152,5545,12273,2379,19039,3347,35043,4581,10905,1152
1600000US4845000,4845000,"Lubbock city, Texas",22430,890,26112,1233,41827,2205,12651,1560,18963,1365,33552,2360,10410,800
1600000US4845384,4845384,"McAllen city, Texas",19757,2059,25360,5293,41592,2966,9810,1495,15151,2121,31538,7559,9193,854
1600000US4845744,4845744,"McKinney city, Texas",40043,3628,51604,2821,68608,6728,17905,3728,28837,3670,49833,4768,13046,2153
1600000US4847892,4847892,"Mesquite city, Texas",26132,1722,30391,2990,37173,2358,16701,3152,21875,1213,36130,3874,12426,2231
1600000US4848072,4848072,"Midland city, Texas",35292,3714,53813,4919,66218,7287,20157,6959,23516,2041,38307,4429,12817,1934
1600000US4848768,4848768,"Mission city, Texas",20456,3235,26844,6862,38762,6466,13921,5972,15592,2069,32311,10140,10541,1125
1600000US4848804,4848804,"Missouri City city, Texas",34794,4741,36912,5202,64194,10590,20362,4118,31866,3540,50143,8944,12253,2308
1600000US4850820,4850820,"New Braunfels city, Texas",27057,3965,35999,5009,49003,5273,15579,3788,21439,1416,40934,4326,11875,1212
1600000US4852356,4852356,"North Richland Hills city, Texas",31442,1757,38394,4417,53465,6791,22184,3851,24473,3256,40762,4950,12843,3294
1600000US4853388,4853388,"Odessa city, Texas",28539,3631,40692,2884,56240,5313,15584,2037,20620,2196,37334,3962,12102,1386
1600000US4856000,4856000,"Pasadena city, Texas",25753,1224,32275,2520,40633,1533,17877,3480,16783,1602,31675,3030,9514,900
1600000US4856348,4856348,"Pearland city, Texas",49713,2776,65574,5962,80508,11137,20683,5687,41556,4950,59474,11783,12985,3549
1600000US4857200,4857200,"Pharr city, Texas",16707,1762,24150,9582,41398,9376,12333,4752,11329,1874,23712,3627,8388,1247
1600000US4858016,4858016,"Plano city, Texas",42395,2090,51559,1934,72150,4534,19031,4398,33592,3806,52134,2119,13639,1111
1600000US4861796,4861796,"Richardson city, Texas",38737,4364,42750,6116,62305,5909,20341,1906,32229,6215,52418,5026,14577,2836
1600000US4863500,4863500,"Round Rock city, Texas",33433,3540,41370,2657,58775,5447,19544,2783,25747,2954,46310,3237,11165,1443
1600000US4864472,4864472,"San Angelo city, Texas",22414,1919,29925,2983,44909,6316,15479,3806,17193,2470,25931,1906,11999,1178
1600000US4865000,4865000,"San Antonio city, Texas",22918,602,27314,863,40097,1270,12904,823,18780,761,33156,1635,10520,287
1600000US4870808,4870808,"Sugar Land city, Texas",46843,4269,62236,15534,98829,17346,21327,4660,41169,4032,60587,3469,15473,2957
1600000US4872176,4872176,"Temple city, Texas",22768,2154,30454,3576,41696,5051,19190,4099,18718,1527,31586,6881,11836,1271
1600000US4872656,4872656,"The Woodlands CDP, Texas",60345,8318,91596,9256,131369,20455,27766,12496,31139,6757,66486,2341,16394,3207
1600000US4874144,4874144,"Tyler city, Texas",21144,1406,24524,2236,39981,3268,13648,2750,18025,1700,36283,3823,11210,1167
1600000US4875428,4875428,"Victoria city, Texas",21521,1192,26390,2878,41268,5484,14268,2435,16520,1803,27825,3757,11787,1299
1600000US4876000,4876000,"Waco city, Texas",18971,1378,20984,1277,31752,3248,11447,1004,16823,1267,31264,5012,11242,864
1600000US4879000,4879000,"Wichita Falls city, Texas",19681,2231,23964,3022,35965,3503,13049,1923,16140,1453,31326,1982,10304,1037
1600000US4943660,4943660,"Layton city, Utah",29946,3264,40836,3653,53798,6270,15878,3509,18077,2098,35321,3888,12146,1303
1600000US4950150,4950150,"Millcreek CDP, Utah",28993,2704,38025,5194,51554,6840,21286,3383,23638,2830,36713,4783,12825,1867
1600000US4955980,4955980,"Ogden city, Utah",21686,1336,27112,3942,38167,2953,15187,2845,16470,1942,28685,3068,10846,1072
1600000US4957300,4957300,"Orem city, Utah",20032,1893,28527,4335,45904,5178,14343,3314,13362,2251,32960,3008,9732,1051
1600000US4962470,4962470,"Provo city, Utah",14031,1239,17710,3031,40585,3853,9583,1304,10679,1095,28752,3114,7910,821
1600000US4965330,4965330,"St. George city, Utah",20804,1531,31788,3058,40803,7303,21920,3284,12390,2416,26826,2105,10649,572
1600000US4967000,4967000,"Salt Lake City city, Utah",25124,1277,29037,1575,37526,4085,14539,2027,20153,2337,35643,2984,11875,696
1600000US4967440,4967440,"Sandy city, Utah",34111,3649,49472,4564,60347,2389,21087,3656,23506,3354,40772,2667,11001,1083
1600000US4982950,4982950,"West Jordan city, Utah",30135,2546,38363,3871,47188,3649,14378,3077,23647,2550,35259,3012,11564,1707
1600000US4983470,4983470,"West Valley City city, Utah",25413,1599,30680,902,35647,1907,12388,3331,20144,1734,30853,1641,9886,1076
1600000US5101000,5101000,"Alexandria city, Virginia",51978,2722,59504,4188,70828,7782,24631,5599,48520,4317,64980,4617,18030,3049
1600000US5103000,5103000,"Arlington CDP, Virginia",61514,1755,70619,4549,90227,6459,30086,5094,53618,2854,75384,3548,25523,2007
1600000US5114440,5114440,"Centreville CDP, Virginia",45622,6472,53760,6040,75092,7002,16781,6433,36676,4887,61020,5654,12883,3156
1600000US5116000,5116000,"Chesapeake city, Virginia",32607,1515,40866,2267,53920,3339,16094,4331,26325,1574,40605,2534,14378,1327
1600000US5121088,5121088,"Dale City CDP, Virginia",34583,3984,45408,6258,50974,4922,20701,4294,26244,3889,44628,5180,12423,1568
1600000US5135000,5135000,"Hampton city, Virginia",26344,1328,29973,2170,41670,2612,16041,1895,23414,2139,36311,1430,12412,1580
1600000US5147672,5147672,"Lynchburg city, Virginia",16924,1932,19055,2540,40442,5861,9207,2012,14922,2426,33510,5351,9099,1107
1600000US5156000,5156000,"Newport News city, Virginia",26161,1101,32010,1445,43192,4018,14399,1813,21773,1089,35024,3241,11396,636
1600000US5157000,5157000,"Norfolk city, Virginia",23298,1090,27939,1873,36958,1408,11871,967,19492,1236,32396,3111,10991,602
1600000US5164000,5164000,"Portsmouth city, Virginia",25271,1190,32083,1419,46920,5574,18886,2315,20179,1231,32270,3247,11523,964
1600000US5167000,5167000,"Richmond city, Virginia",23891,1360,26823,1524,42470,4649,12394,1239,21521,817,37164,2978,12022,843
1600000US5168000,5168000,"Roanoke city, Virginia",24944,2114,29637,2064,40586,4785,16015,2487,19125,1737,35283,2563,12093,1061
1600000US5176432,5176432,"Suffolk city, Virginia",28501,2259,41301,2441,60828,4714,13217,2364,21567,1729,39003,3139,12780,1219
1600000US5182000,5182000,"Virginia Beach city, Virginia",32738,1413,41008,1462,51650,1007,21553,1553,26831,953,40424,1402,14226,786
1600000US5303180,5303180,"Auburn city, Washington",30911,2330,36134,4097,49460,4083,20103,6092,23535,3693,43128,5068,14247,1557
1600000US5305210,5305210,"Bellevue city, Washington",45127,5486,65165,8247,87207,12044,24939,5228,34507,5591,61646,4774,17341,3677
1600000US5305280,5305280,"Bellingham city, Washington",19713,1641,22087,2503,40121,3979,14648,2675,17436,1719,40121,4734,11407,1294
1600000US5322640,5322640,"Everett city, Washington",27850,2772,35995,2400,50614,3906,17509,3717,20769,1737,40545,4813,10908,1117
1600000US5323515,5323515,"Federal Way city, Washington",29456,3327,36511,5196,50790,3505,22161,5239,20949,1644,41475,6296,14180,1530
1600000US5335275,5335275,"Kennewick city, Washington",23459,2036,31586,2249,50354,8498,16229,2726,19953,2377,32274,8881,14363,1426
1600000US5335415,5335415,"Kent city, Washington",30090,1821,33613,4339,51082,3266,15563,2576,23675,2793,40771,2038,13407,2545
1600000US5335940,5335940,"Kirkland city, Washington",46010,4882,58638,5236,89094,10469,23106,5073,31282,3187,58710,7425,16122,2704
1600000US5343955,5343955,"Marysville city, Washington",32064,2590,45647,5842,52076,5252,23513,3001,23020,3061,40353,3202,13992,1416
1600000US5353545,5353545,"Pasco city, Washington",25143,3139,32207,3398,41226,8042,17691,2430,18513,2210,27723,6934,11048,1126
1600000US5357745,5357745,"Renton city, Washington",32052,2669,39167,6000,50003,5492,18002,3483,25899,1789,43692,3651,15331,1526
1600000US5363000,5363000,"Seattle city, Washington",38899,1737,46586,1816,70299,3115,18639,2093,31197,1212,53660,2958,16162,939
1600000US5367000,5367000,"Spokane city, Washington",23169,1769,29161,2497,47443,3716,14400,1644,19868,1308,36268,2570,12454,885
1600000US5367167,5367167,"Spokane Valley city, Washington",25787,992,29523,3014,40998,3409,17185,2659,21824,2002,36551,2239,13872,1456
1600000US5370000,5370000,"Tacoma city, Washington",27129,1672,35130,3018,47153,3567,18526,1997,20567,1240,37808,4890,12381,1017
1600000US5374060,5374060,"Vancouver city, Washington",27614,1467,34030,3191,45726,4198,20497,1925,22385,1418,38102,2216,14672,1325
1600000US5380010,5380010,"Yakima city, Washington",21545,1054,25111,2237,36909,5936,13338,3079,17701,2634,31245,2691,11473,1266
1600000US5502375,5502375,"Appleton city, Wisconsin",26857,1634,34082,3909,47786,5129,12079,2201,21839,2030,37291,3834,11403,1116
1600000US5522300,5522300,"Eau Claire city, Wisconsin",21160,1674,23108,2274,42016,3497,13653,1620,18257,3090,35240,6336,10985,845
1600000US5531000,5531000,"Green Bay city, Wisconsin",24813,1634,28970,2187,40820,2154,15910,1382,20943,1538,35764,3058,12156,951
1600000US5539225,5539225,"Kenosha city, Wisconsin",24773,2062,30919,3994,45444,4217,14998,2887,19742,1838,40248,4431,11933,1060
1600000US5548000,5548000,"Madison city, Wisconsin",26768,1133,31281,2019,53423,4378,13250,1893,22615,1747,45164,2534,12010,651
1600000US5553000,5553000,"Milwaukee city, Wisconsin",21341,458,24121,1262,40231,1752,11814,469,19285,800,35229,1505,11598,347
1600000US5560500,5560500,"Oshkosh city, Wisconsin",22595,1587,26860,2302,41084,3217,14899,2250,18606,2709,31945,2980,11959,1032
1600000US5566000,5566000,"Racine city, Wisconsin",22387,2308,27359,2861,45713,4878,15669,2330,18303,1893,35604,3549,11010,1105
1600000US5584250,5584250,"Waukesha city, Wisconsin",30603,2232,36747,4957,55869,6240,14860,3377,23352,5095,41971,2566,12898,1563
1600000US7206593,7206593,"Bayam�n zona urbana, Puerto Rico",14765,706,16153,577,23915,2022,10180,755,12975,912,24835,1596,8302,539
1600000US7210334,7210334,"Caguas zona urbana, Puerto Rico",13527,1671,15146,1543,22022,3532,9668,1139,12275,1659,25906,4829,8547,904
1600000US7214290,7214290,"Carolina zona urbana, Puerto Rico",15347,702,16860,875,27236,3504,11172,838,13275,1156,27301,2225,8543,569
1600000US7232522,7232522,"Guaynabo zona urbana, Puerto Rico",19757,2573,22502,5430,51454,4743,11699,1607,17560,2735,30420,3699,10224,1662
1600000US7252431,7252431,"Mayag�ez zona urbana, Puerto Rico",10972,958,12076,1612,31766,14778,9161,1607,10198,1345,20791,4150,7568,1439
1600000US7263820,7263820,"Ponce zona urbana, Puerto Rico",11369,748,13338,1114,27583,3986,9010,747,9676,811,23059,2030,7050,411
1600000US7276770,7276770,"San Juan zona urbana, Puerto Rico",14547,497,16139,642,25996,2218,10126,628,12854,776,27557,1817,8448,404
